product_name,product_link,product_price,product_rating,no_rating,page_no
"MOKOBARA Backpack 15.5"" Inch Laptop Backpack For Women (16 litres ) Improved (2022 - Model)",https://www.amazon.in/sspa/click?ie=UTF8&spc=MTo0ODU0MTIxODY2NDczMTkyOjE2ODUwNDgzMjk6c3BfYXRmOjIwMTE3Nzk1ODczODk4OjowOjo&url=%2FMOKOBARA-Backpack-Leather-Resistant-College%2Fdp%2FB0BR7N3KF4%2Fref%3Dsr_1_1_sspa%3Fcrid%3D2M096C61O4MLT%26keywords%3Dbags%26qid%3D1685048329%26sprefix%3Dba%252Caps%252C283%26sr%3D8-1-spons%26sp_csd%3Dd2lkZ2V0TmFtZT1zcF9hdGY%26psc%3D1%26smid%3DA2ZJIE4OXD710M,"4,490",4.3,168 ratings,1
MOKOBARA The Transit Backpack Laptop Bag for Men and Women,https://www.amazon.in/sspa/click?ie=UTF8&spc=MTo0ODU0MTIxODY2NDczMTkyOjE2ODUwNDgzMjk6c3BfYXRmOjIwMTE3Nzk1ODcxNjk4OjowOjo&url=%2FMokobara-Transit-Backpack-Laptop-Sunray%2Fdp%2FB09V7R98XC%2Fref%3Dsr_1_2_sspa%3Fcrid%3D2M096C61O4MLT%26keywords%3Dbags%26qid%3D1685048329%26sprefix%3Dba%252Caps%252C283%26sr%3D8-2-spons%26sp_csd%3Dd2lkZ2V0TmFtZT1zcF9hdGY%26psc%3D1,"5,999",4.5,590 ratings,1
Wesley Milestone 2.0 Casual Waterproof Laptop Backpack/Office Bag/School Bag/College Bag/Business Bag/Travel Backpack (Dimensions:13x18 inches) (Compatible with 39.62cm(15.6inch laptop) 30 L (Blue & black),https://www.amazon.in/Wesley-Milestone-Waterproof-Backpack-Business/dp/B084JGJ8PF/ref=sr_1_3?crid=2M096C61O4MLT&keywords=bags&qid=1685048329&sprefix=ba%2Caps%2C283&sr=8-3,598,4.3,"10,923 ratings",1
American Tourister 32 Ltrs Black Casual Backpack (AMT FIZZ SCH BAG 02 - BLACK),https://www.amazon.in/American-Tourister-AMT-SCH-02/dp/B07CJCGM1M/ref=sr_1_4?crid=2M096C61O4MLT&keywords=bags&qid=1685048329&sprefix=ba%2Caps%2C283&sr=8-4,"1,199.00",4,"54,204 ratings",1
Skybags Brat Black 46 Cms Casual Backpack,https://www.amazon.in/Skybags-Brat-Black-Casual-Backpack/dp/B08Z1HHHTD/ref=sr_1_5?crid=2M096C61O4MLT&keywords=bags&qid=1685048329&sprefix=ba%2Caps%2C283&sr=8-5,669,4.1,"4,547 ratings",1
"Sirona Sanitary Disposable Bags - 75 Bags for Discreet Disposal of Tampons, Condoms, Diaper, Sanitary Pads, Panty Liner and Personal Hygiene Waste",https://aax-eu.amazon.in/x/c/RI2wFnHLiy09LI4_A2JC05MAAAGIVLUFTwMAAAH2AQBvbm9fdHhuX2JpZDEgICBvbm9fdHhuX2ltcDEgICBhsVek/https://www.amazon.in/Sirona-Sanitary-Napkin-Diapers-Disposal/dp/B01NAZVN8M/ref=sxin_14_sbv_search_btf?content-id=amzn1.sym.ea7f11f8-e26c-4b10-84ad-15aa33ea30ac%3Aamzn1.sym.ea7f11f8-e26c-4b10-84ad-15aa33ea30ac&crid=2M096C61O4MLT&cv_ct_cx=bags&keywords=bags&pd_rd_i=B01NAZVN8M&pd_rd_r=56e3357d-7d37-4505-aa6c-e9453835e7f0&pd_rd_w=Po5Y7&pd_rd_wg=xZzVB&pf_rd_p=ea7f11f8-e26c-4b10-84ad-15aa33ea30ac&pf_rd_r=BV8KWHN3C1PADTJP8PTP&qid=1685048329&sbo=RZvfv%2F%2FHxDF%2BO5021pAnSA%3D%3D&sprefix=ba%2Caps%2C283&sr=1-1-9131241a-a358-4619-a7b8-0f5a65d91d81,225,4.5,"2,833 ratings",1
Blue Tree Kids School Bag Soft Plush Backpack Combo Cartoon Bags Mini Travel Bag for for Girls Boys Toddler Baby (Pack of 2),https://www.amazon.in/School-Backpack-Cartoon-Travel-Toddler/dp/B08WWG91Q3/ref=sxin_15_trfob_0_B08WWG91Q3?content-id=amzn1.sym.aa46410f-8156-4270-bbdf-247d793e0b26%3Aamzn1.sym.aa46410f-8156-4270-bbdf-247d793e0b26&crid=2M096C61O4MLT&cv_ct_cx=bags&keywords=bags&pd_rd_i=B08WWG91Q3&pd_rd_r=56e3357d-7d37-4505-aa6c-e9453835e7f0&pd_rd_w=BaMQr&pd_rd_wg=xZzVB&pf_rd_p=aa46410f-8156-4270-bbdf-247d793e0b26&pf_rd_r=BV8KWHN3C1PADTJP8PTP&qid=1685048329&sbo=RZvfv%2F%2FHxDF%2BO5021pAnSA%3D%3D&sprefix=ba%2Caps%2C283&sr=1-1-cc7a04fe-cc55-42ad-b883-1b910070c86a,448,4,4 ratings,1
"MosQuick® Clear large Drawstring Bags Clear Plastic Travel Bags, Travel Garments Organizing Storage Plastic Bags ,Shoe bags , Stationery Bag,multipurpose bag - Translucent",https://www.amazon.in/MosQuick%C2%AE-Drawstring-Organizing-Stationery-multipurpose/dp/B09SB42QFQ/ref=sxin_15_trfob_1_B09SB42QFQ?content-id=amzn1.sym.aa46410f-8156-4270-bbdf-247d793e0b26%3Aamzn1.sym.aa46410f-8156-4270-bbdf-247d793e0b26&crid=2M096C61O4MLT&cv_ct_cx=bags&keywords=bags&pd_rd_i=B09SB42QFQ&pd_rd_r=56e3357d-7d37-4505-aa6c-e9453835e7f0&pd_rd_w=BaMQr&pd_rd_wg=xZzVB&pf_rd_p=aa46410f-8156-4270-bbdf-247d793e0b26&pf_rd_r=BV8KWHN3C1PADTJP8PTP&qid=1685048329&sbo=EO%2BcdOgoisx3waG5xqcZQA%3D%3D&sprefix=ba%2Caps%2C283&sr=1-2-cc7a04fe-cc55-42ad-b883-1b910070c86a,294,4.2,58 ratings,1
blue tree 10 ltrs (5 Cms)Backpack(Rider01_Yellow),https://www.amazon.in/Backpack-Toddler-Animal-Cartoon-Travel/dp/B09H3H3898/ref=sxin_15_trfob_2_B09H3H3898?content-id=amzn1.sym.aa46410f-8156-4270-bbdf-247d793e0b26%3Aamzn1.sym.aa46410f-8156-4270-bbdf-247d793e0b26&crid=2M096C61O4MLT&cv_ct_cx=bags&keywords=bags&pd_rd_i=B09H3H3898&pd_rd_r=56e3357d-7d37-4505-aa6c-e9453835e7f0&pd_rd_w=BaMQr&pd_rd_wg=xZzVB&pf_rd_p=aa46410f-8156-4270-bbdf-247d793e0b26&pf_rd_r=BV8KWHN3C1PADTJP8PTP&qid=1685048329&sbo=RZvfv%2F%2FHxDF%2BO5021pAnSA%3D%3D&sprefix=ba%2Caps%2C283&sr=1-3-cc7a04fe-cc55-42ad-b883-1b910070c86a,298,4.1,83 ratings,1
Blue Tree Velvet Kids School/Nursery/Picnic/Carry/Travelling Bag - 2 to 5 Age (Yellow_Blue School Bag),https://www.amazon.in/Blue-Tree-Velvet-Nursery-Travelling/dp/B07XJHP2C7/ref=sxin_15_trfob_3_B07XJHP2C7?content-id=amzn1.sym.aa46410f-8156-4270-bbdf-247d793e0b26%3Aamzn1.sym.aa46410f-8156-4270-bbdf-247d793e0b26&crid=2M096C61O4MLT&cv_ct_cx=bags&keywords=bags&pd_rd_i=B07XJHP2C7&pd_rd_r=56e3357d-7d37-4505-aa6c-e9453835e7f0&pd_rd_w=BaMQr&pd_rd_wg=xZzVB&pf_rd_p=aa46410f-8156-4270-bbdf-247d793e0b26&pf_rd_r=BV8KWHN3C1PADTJP8PTP&qid=1685048329&sbo=RZvfv%2F%2FHxDF%2BO5021pAnSA%3D%3D&sprefix=ba%2Caps%2C283&sr=1-4-cc7a04fe-cc55-42ad-b883-1b910070c86a,298,4.1,"1,519 ratings",1
"Amazon Brand – Eono Canvas Tote Bag For Women - (Pack of 1), women tote bag, canvas tote bag, printed tote bag, printed canvas tote bag, stylish bags for women T9",https://www.amazon.in/Amazon-Brand-Canvas-printed-stylish/dp/B0BX3PW42J/ref=sxin_15_trfob_4_B0BX3PW42J?content-id=amzn1.sym.aa46410f-8156-4270-bbdf-247d793e0b26%3Aamzn1.sym.aa46410f-8156-4270-bbdf-247d793e0b26&crid=2M096C61O4MLT&cv_ct_cx=bags&keywords=bags&pd_rd_i=B0BX3PW42J&pd_rd_r=56e3357d-7d37-4505-aa6c-e9453835e7f0&pd_rd_w=BaMQr&pd_rd_wg=xZzVB&pf_rd_p=aa46410f-8156-4270-bbdf-247d793e0b26&pf_rd_r=BV8KWHN3C1PADTJP8PTP&qid=1685048329&sbo=RZvfv%2F%2FHxDF%2BO5021pAnSA%3D%3D&sprefix=ba%2Caps%2C283&sr=1-5-cc7a04fe-cc55-42ad-b883-1b910070c86a,349,4.5,2 ratings,1
AmazonBasics 27 Inch Nylon Foldable Travel Duffel Bag - Black,https://www.amazon.in/AmazonBasics-Foldable-Travel-Duffel-27-inch/dp/B01J24HEE4/ref=sxin_15_trfob_6_B01J24HEE4?content-id=amzn1.sym.aa46410f-8156-4270-bbdf-247d793e0b26%3Aamzn1.sym.aa46410f-8156-4270-bbdf-247d793e0b26&crid=2M096C61O4MLT&cv_ct_cx=bags&keywords=bags&pd_rd_i=B01J24HEE4&pd_rd_r=56e3357d-7d37-4505-aa6c-e9453835e7f0&pd_rd_w=BaMQr&pd_rd_wg=xZzVB&pf_rd_p=aa46410f-8156-4270-bbdf-247d793e0b26&pf_rd_r=BV8KWHN3C1PADTJP8PTP&qid=1685048329&sbo=RZvfv%2F%2FHxDF%2BO5021pAnSA%3D%3D&sprefix=ba%2Caps%2C283&sr=1-7-cc7a04fe-cc55-42ad-b883-1b910070c86a,"1,699.00",4.4,753 ratings,1
Blue Tree Kids School Bag Soft Plush Backpack Cartoon Bags Combo Mini Travel Bag for for Girls Boys Toddler Baby (Spiderman & Recon),https://www.amazon.in/Blue-Tree-Backpack-Cartoon-Spiderman/dp/B08YP5HQVP/ref=sxin_15_trfob_7_B08YP5HQVP?content-id=amzn1.sym.aa46410f-8156-4270-bbdf-247d793e0b26%3Aamzn1.sym.aa46410f-8156-4270-bbdf-247d793e0b26&crid=2M096C61O4MLT&cv_ct_cx=bags&keywords=bags&pd_rd_i=B08YP5HQVP&pd_rd_r=56e3357d-7d37-4505-aa6c-e9453835e7f0&pd_rd_w=BaMQr&pd_rd_wg=xZzVB&pf_rd_p=aa46410f-8156-4270-bbdf-247d793e0b26&pf_rd_r=BV8KWHN3C1PADTJP8PTP&qid=1685048329&sbo=RZvfv%2F%2FHxDF%2BO5021pAnSA%3D%3D&sprefix=ba%2Caps%2C283&sr=1-8-cc7a04fe-cc55-42ad-b883-1b910070c86a,415,5,1 rating,1
"American Tourister VALEX BLUE LAPTOP BACKPACK 28 Ltrs,Volume, LAPTOP COMPARTMENT, BOTTLE POCKET, FRONT ORGANIZER",https://www.amazon.in/American-Tourister-BACKPACK-COMPARTMENT-ORGANIZER/dp/B0BTD4FK9G/ref=sr_1_6?crid=2M096C61O4MLT&keywords=bags&qid=1685048329&sprefix=ba%2Caps%2C283&sr=8-6,"1,299",4.2,204 ratings,1
ADISA 15.6 inch Laptop Backpack Office Bag College Travel Back Pack 32 Ltrs (z-Navy Blue),https://www.amazon.in/ADISA-Laptop-Backpack-Office-College/dp/B09TPX22NF/ref=sr_1_7?crid=2M096C61O4MLT&keywords=bags&qid=1685048329&sprefix=ba%2Caps%2C283&sr=8-7,499,3.9,801 ratings,1
"Half Moon 35L Water Resistant 15.6 inch Laptop Bag for Men/Backpack for Men, Navy Blue | Office Bag for Men/Office Bag for Women with Padded Laptop Compartment | Rain Cover & Reflective Strips",https://www.amazon.in/Half-Moon-Waterproof-Backpack-Students/dp/B085MHDJ93/ref=sr_1_8?crid=2M096C61O4MLT&keywords=bags&qid=1685048329&sprefix=ba%2Caps%2C283&sr=8-8,529,3.9,"15,925 ratings",1
"FUR JADEN Anti Theft Number Lock Backpack Bag with 15.6 Inch Laptop Compartment, USB Charging Port & Organizer Pocket for Men Women Boys Girls",https://www.amazon.in/Number-Backpack-Compartment-Charging-Organizer/dp/B09VTCNN75/ref=sr_1_9?crid=2M096C61O4MLT&keywords=bags&qid=1685048329&sprefix=ba%2Caps%2C283&sr=8-9,"1,088",4,"4,023 ratings",1
Half Moon Large 37L Laptop Bag Backpack for menं Women Boys and Girls Luggage Travel Bags with 17.3 inches Laptop Compartment & Rain Cover,https://www.amazon.in/Half-Moon-Resistant-Backpack-Compartment/dp/B0BJ32LQ6X/ref=sr_1_10?crid=2M096C61O4MLT&keywords=bags&qid=1685048329&sprefix=ba%2Caps%2C283&sr=8-10,749,3.9,"2,764 ratings",1
"SINOPACK TURBO BAG AND BACKPACK FOR LAPTOP, SCHOOL, 32 LITER (33cms x 22cms x 51cms)",https://www.amazon.in/sspa/click?ie=UTF8&spc=MTo0ODU0MTIxODY2NDczMTkyOjE2ODUwNDgzMjk6c3BfbXRmOjIwMDg0MTM4NDM5MDk4OjowOjo&url=%2FSINOPACK-TURBO-BACKPACK-LAPTOP-SCHOOL%2Fdp%2FB0BGSCFJ2H%2Fref%3Dsr_1_11_sspa%3Fcrid%3D2M096C61O4MLT%26keywords%3Dbags%26qid%3D1685048329%26sprefix%3Dba%252Caps%252C283%26sr%3D8-11-spons%26sp_csd%3Dd2lkZ2V0TmFtZT1zcF9tdGY%26psc%3D1,499,3.6,23 ratings,1
Fur Jaden Brown Textured Leatherette Stylish & Spacious Weekender Duffle Bag for Travel,https://www.amazon.in/FUR-JADEN-Leatherette-Polypropylene-DUFF05/dp/B07M9BRCQ5/ref=sr_1_13?crid=2M096C61O4MLT&keywords=bags&qid=1685048329&sprefix=ba%2Caps%2C283&sr=8-13,"1,200.00",4.3,"5,925 ratings",1
"TRUE HUMAN Emperor Anti-Theft backpack With USB charging Port Laptop Bag, Office bag, college bag and anti -theft back pocket (Black)",https://www.amazon.in/TRUE-HUMAN-Anti-Theft-backpack-charging/dp/B09QJ7ZF2Y/ref=sr_1_14?crid=2M096C61O4MLT&keywords=bags&qid=1685048329&sprefix=ba%2Caps%2C283&sr=8-14,599,3.8,"2,034 ratings",1
SAFARI 15 Ltrs Sea Blue Casual/School/College Backpack (DAYPACKNEO15CBSEB),https://www.amazon.in/SAFARI-Ltrs-Casual-Backpack-DAYPACKNEO15CBSEB/dp/B07Q7CNPMV/ref=sr_1_15?crid=2M096C61O4MLT&keywords=bags&qid=1685048329&sprefix=ba%2Caps%2C283&sr=8-15,248,4,"19,029 ratings",1
"American Tourister VALEX BLACK LAPTOP BACKPACK 28 Ltrs,Volume, LAPTOP COMPARTMENT, BOTTLE POCKET, FRONT ORGANIZER",https://www.amazon.in/American-Tourister-BACKPACK-COMPARTMENT-ORGANIZER/dp/B0BTD4S4XF/ref=sr_1_16?crid=2M096C61O4MLT&keywords=bags&qid=1685048329&sprefix=ba%2Caps%2C283&sr=8-16,"1,299",4.3,194 ratings,1
Wesley Spartan Unisex Travel Hiking Laptop Bag fits Upto 17.3 inch with Raincover and Internal Organiser Backpack Rucksack College Bag,https://www.amazon.in/Wesley-Spartan-Hiking-Raincover-Organiser/dp/B098QFF5TJ/ref=sr_1_17?crid=2M096C61O4MLT&keywords=bags&qid=1685048329&sprefix=ba%2Caps%2C283&sr=8-17,698,4.1,"1,274 ratings",1
Lunar's Bingo - 48 L Laptop Office/School/Travel/Business Backpack Water Resistant - Fits Up to 15.6 Inch Laptop Notebook with 1 Year Warranty,https://www.amazon.in/Lunars-Bingo-Laptop-Resistant-48L/dp/B08YZ8FFBZ/ref=sr_1_18?crid=2M096C61O4MLT&keywords=bags&qid=1685048329&sprefix=ba%2Caps%2C283&sr=8-18,899,3.9,"9,506 ratings",1
Safari Seek 45 Ltrs Overnighter Expandable Travel Laptop Backpack,https://www.amazon.in/Safari-45L-21-OB-BLK/dp/B07BZ5VC4H/ref=sr_1_20?crid=2M096C61O4MLT&keywords=bags&qid=1685048329&sprefix=ba%2Caps%2C283&sr=8-20,"1,999.00",4.5,"7,037 ratings",1
"Swiss Military Hard Shell Travel Backpack UFO, Alien Series Dimond Cut ABS Hardshell upto 15.6 Inch Laptop",https://www.amazon.in/sspa/click?ie=UTF8&spc=MTo0ODU0MTIxODY2NDczMTkyOjE2ODUwNDgzMjk6c3BfYnRmOjIwMTU2MTY1OTg5NDk4OjowOjo&url=%2FSwiss-Military-Travel-Backpack-Hardshell%2Fdp%2FB0C3MG4MJG%2Fref%3Dsr_1_21_sspa%3Fcrid%3D2M096C61O4MLT%26keywords%3Dbags%26qid%3D1685048329%26sprefix%3Dba%252Caps%252C283%26sr%3D8-21-spons%26sp_csd%3Dd2lkZ2V0TmFtZT1zcF9idGY%26psc%3D1%26smid%3DA9XP90DC1X0F8,"3,899.00",0,0,1
"MOKOBARA The Work Backpack 15.6"" Inch Laptop | Travel Backpack For Men And Women",https://www.amazon.in/sspa/click?ie=UTF8&spc=MTo0ODU0MTIxODY2NDczMTkyOjE2ODUwNDgzMjk6c3BfYnRmOjIwMTEwMTgxNTEwOTk4OjowOjo&url=%2FMokobara-Backpack-Leather-Resistant-Laptop%2Fdp%2FB0B7X81X69%2Fref%3Dsr_1_22_sspa%3Fcrid%3D2M096C61O4MLT%26keywords%3Dbags%26qid%3D1685048329%26sprefix%3Dba%252Caps%252C283%26sr%3D8-22-spons%26sp_csd%3Dd2lkZ2V0TmFtZT1zcF9idGY%26psc%3D1,"7,499.00",4.5,51 ratings,1
"Lenovo 15.6"" (39.62cm) Slim Everyday Backpack, Made in India, Compact, Water-resistant, Organized storage:Laptop sleeve,tablet pocket,front workstation,2-side pockets,Padded adjustable shoulder straps",https://www.amazon.in/Lenovo-15-6-Inches-Everyday-Backpack/dp/B08R7RPVJF/ref=sr_1_19?crid=2M096C61O4MLT&keywords=bags&qid=1685048332&sprefix=ba%2Caps%2C283&sr=8-19,649,4.4,"3,042 ratings",2
ADISA 32L Large Laptop Backpack Office Bag College Travel Back Pack with rain Cover (Grey),https://www.amazon.in/ADISA-Laptop-Backpack-Office-College/dp/B0BPVLXD53/ref=sr_1_20?crid=2M096C61O4MLT&keywords=bags&qid=1685048332&sprefix=ba%2Caps%2C283&sr=8-20,599,3.8,141 ratings,2
Gear Aspire 30L Water Restant Office Laptop Bag/Backpack for Men/Women/(Black),https://www.amazon.in/Gear-Black-Laptop-Backpack-LBPASPIRE0104/dp/B075MK4TXP/ref=sr_1_21?crid=2M096C61O4MLT&keywords=bags&qid=1685048332&sprefix=ba%2Caps%2C283&sr=8-21,"1,099.00",4.3,"5,589 ratings",2
Lavie Sport Lino Large Size 63 cms Wheel Duffle Bag for Travel | Travel Bag with Trolley,https://www.amazon.in/Lavie-Sport-Duffle-Luggage-Trolley/dp/B097RJ22Q3/ref=sr_1_22?crid=2M096C61O4MLT&keywords=bags&qid=1685048332&sprefix=ba%2Caps%2C283&sr=8-22,"1,199.00",4,"7,625 ratings",2
Gear CarryOn 16L Foldable Water Resistant School Bag//Backpack/College Bag for Men/Women - Blue Black,https://www.amazon.in/GEAR-Black-Blue-Backpack-years/dp/B019HA8AYG/ref=sr_1_23?crid=2M096C61O4MLT&keywords=bags&qid=1685048332&sprefix=ba%2Caps%2C283&sr=8-23,254,3.7,"6,446 ratings",2
"Wesley Milestone 2.0 Casual Waterproof Laptop Backpack/Office Bag/School Bag/College Bag/Business Bag/Travel Backpack (Dimensions:13x18 inches) (Compatible with 39.62cm(15.6inch laptop) 30 L, Charcoal black",https://www.amazon.in/Wesley-Milestone-Waterproof-Backpack-Business/dp/B085S444JV/ref=sr_1_24?crid=2M096C61O4MLT&keywords=bags&qid=1685048332&sprefix=ba%2Caps%2C283&sr=8-24,598,4.3,"10,923 ratings",2
"Genie Glitter Backpack for Women - 3 compartments, Laptop Bags for Girls, Stylish and Trendy College Backpacks for Girls, Water Resistant and Lightweight Bags for Office and Travelling Purpose.",https://www.amazon.in/Genie-Glitter-Backpack-Women-compartments/dp/B097JHQH13/ref=sr_1_25?crid=2M096C61O4MLT&keywords=bags&qid=1685048332&sprefix=ba%2Caps%2C283&sr=8-25,"1,203.00",4.3,680 ratings,2
Gear Classic 20L Faux Leather Water Resistant Anti Theft Laptop Bag/Backpack for Men/Women-Brown,https://www.amazon.in/Gear-Classic-Leather-Backpack-LBPCLSLTH0201/dp/B07G4F6XFH/ref=sr_1_26?crid=2M096C61O4MLT&keywords=bags&qid=1685048332&sprefix=ba%2Caps%2C283&sr=8-26,988,4.4,"5,703 ratings",2
MALIK TRADES Sport Chairman Laptop Bag | Premium Business Backpack for Men & Women | Durable Office Bag for Notebook/MacBook GREY,https://www.amazon.in/sspa/click?ie=UTF8&spc=MTo1NTI5ODAzODMzNjM5MTA5OjE2ODUwNDgzMzI6c3BfbXRmOjIwMTU4OTAzNTEyMDk4OjowOjo&url=%2FMALIK-TRADES-Chairman-Business-Backpack%2Fdp%2FB0BZD1ZGNM%2Fref%3Dsr_1_27_sspa%3Fcrid%3D2M096C61O4MLT%26keywords%3Dbags%26qid%3D1685048332%26sprefix%3Dba%252Caps%252C283%26sr%3D8-27-spons%26sp_csd%3Dd2lkZ2V0TmFtZT1zcF9tdGY%26psc%3D1,"2,000.00",0,0,2
"RASHKI Aero Overnighter Backpack 15.6"" Inch Laptop Travel Backpack for men and women with rain dust cover, USB Port (36 litres black vegan leather)",https://www.amazon.in/sspa/click?ie=UTF8&spc=MTo1NTI5ODAzODMzNjM5MTA5OjE2ODUwNDgzMzI6c3BfbXRmOjIwMTU5NzI5MjM4Mzk4OjowOjo&url=%2FRASHKI-Overnighter-Backpack-Laptop-leather%2Fdp%2FB0BW8T473B%2Fref%3Dsr_1_28_sspa%3Fcrid%3D2M096C61O4MLT%26keywords%3Dbags%26qid%3D1685048332%26sprefix%3Dba%252Caps%252C283%26sr%3D8-28-spons%26sp_csd%3Dd2lkZ2V0TmFtZT1zcF9tdGY%26psc%3D1,"2,490.00",5,11 ratings,2
"Safari Flash Casual Backpack, 26 ltr Water Resistant Travel Bags| Weight Polyester Bagpack for Men and Women, Spacious Shoulder Bag for College, Office, Travelling and Camping",https://www.amazon.in/Safari-Backpack-Resistant-Polyester-Travelling/dp/B09B26VHXV/ref=sr_1_29?crid=2M096C61O4MLT&keywords=bags&qid=1685048332&sprefix=ba%2Caps%2C283&sr=8-29,799,3.8,"2,708 ratings",2
Zipline Unisex casual polyester 36 L Backpack School Bag Women Men Boys Girls children Daypack College Bag Book School Sports Bag Weekend Bag,https://www.amazon.in/ZIPLINE-Polyester-Backpack-Children-Daypack/dp/B07XVMR33Q/ref=sr_1_31?crid=2M096C61O4MLT&keywords=bags&qid=1685048332&sprefix=ba%2Caps%2C283&sr=8-31,834,4,"5,572 ratings",2
Wesley Milestone 15.6 inch 25 L Casual Waterproof Laptop Backpack/Office Bag/School Bag/College Bag/Business Bag/Unisex Travel Backpack,https://www.amazon.in/Wesley-Milestone-Waterproof-Backpack-Business/dp/B07PLKV6D1/ref=sr_1_32?crid=2M096C61O4MLT&keywords=bags&qid=1685048332&sprefix=ba%2Caps%2C283&sr=8-32,497,4.3,"12,760 ratings",2
"Safari Quill Laptop Backpack 26 Ltrs Water Resistant Fabric - Black, L (QUILL19CBBLK)",https://www.amazon.in/Safari-Laptop-Backpack-Resistant-Fabric/dp/B09B25Z8M2/ref=sr_1_33?crid=2M096C61O4MLT&keywords=bags&qid=1685048332&sprefix=ba%2Caps%2C283&sr=8-33,849,3.9,849 ratings,2
"Safari Quill Laptop Backpack 26 Ltrs Water Resistant Fabric - Blue, L (QUILL19CBBLU)",https://www.amazon.in/Safari-Laptop-Backpack-Resistant-Fabric/dp/B09B28TKLG/ref=sr_1_34?crid=2M096C61O4MLT&keywords=bags&qid=1685048332&sprefix=ba%2Caps%2C283&sr=8-34,849,4,600 ratings,2
ADISA Light Weight Laptop Backpack 32 Ltrs,https://www.amazon.in/ADISA-BP005-Weight-Casual-Backpack/dp/B07F3X45WZ/ref=sr_1_35?crid=2M096C61O4MLT&keywords=bags&qid=1685048332&sprefix=ba%2Caps%2C283&sr=8-35,499,4,"5,860 ratings",2
"POLESTAR Vintage 15.6 inch 32 LTR Casual Laptop Backpack/Office Bag/School Bag/College Bag/Business Bag/Unisex Backpack, Water Resistant and Light Weight, 1 year Warranty",https://www.amazon.in/POLESTAR-Vintage-Laptop-Backpack-bagpack/dp/B081GSQ9D9/ref=sr_1_36?crid=2M096C61O4MLT&keywords=bags&qid=1685048332&sprefix=ba%2Caps%2C283&sr=8-36,549,3.9,"8,836 ratings",2
"uppercase SealPro Professional Laptop Backpack (15.6 Inch) 3x more water resistant sustainable bags with rain proof zippers & Anti-theft for Men, Women, Boys and Girls, 750 Days warranty",https://aax-eu.amazon.in/x/c/RAdOu0y_1kx0_SoUEVAeO1cAAAGIVLUP5AMAAAH2AQBvbm9fdHhuX2JpZDMgICBvbm9fdHhuX2ltcDEgICAfgg0a/https://www.amazon.in/uppercase-Professional-resistant-sustainable-Anti-theft/dp/B0BR179L65/ref=sxbs_sbv_search_btf?content-id=amzn1.sym.f94148a7-b034-4e58-9f1d-2cf8db3cd03c%3Aamzn1.sym.f94148a7-b034-4e58-9f1d-2cf8db3cd03c&crid=2M096C61O4MLT&cv_ct_cx=bags&keywords=bags&pd_rd_i=B0BR179L65&pd_rd_r=91f04d56-c982-45a6-89d9-054a764d81e9&pd_rd_w=PS177&pd_rd_wg=zHBU8&pf_rd_p=f94148a7-b034-4e58-9f1d-2cf8db3cd03c&pf_rd_r=R0R0CN55HD5QKX7VSSQQ&qid=1685048332&sbo=EO%2BcdOgoisx3waG5xqcZQA%3D%3D&sprefix=ba%2Caps%2C283&sr=1-17-06195d41-65bd-48f4-8e70-03d97b6094ec,"1,900",4.7,51 ratings,2
Zipline Unisex Casual Polyester 36 L Backpack School Bag Women Men Boys Girls Children Daypack College Bag Book School Sports Bag,https://www.amazon.in/Zipline-Nexa-Resistant-Bagpack-Backpack/dp/B08WQ668WJ/ref=sr_1_35?crid=2M096C61O4MLT&keywords=bags&qid=1685048335&sprefix=ba%2Caps%2C283&sr=8-35,843,3.7,828 ratings,3
"Wesley Unisex Milestone Casual Waterproof Laptop Office School College Business Travel Backpack 25 L (Dimensions: 12.5x18 inches) (Compatible with 15.6 inch laptops), Navy Blue",https://www.amazon.in/Wesley-Milestone-Waterproof-Backpack-Business/dp/B07K8KLB3P/ref=sr_1_36?crid=2M096C61O4MLT&keywords=bags&qid=1685048335&sprefix=ba%2Caps%2C283&sr=8-36,425,4.3,"12,760 ratings",3
FUR JADEN Anti Theft Backpack 15.6 Inch Laptop Bag with USB Charging Port For Men Women Boys Girls,https://www.amazon.in/Fur-Jaden-Black-Waterproof-Backpack/dp/B078GLXMDY/ref=sr_1_37?crid=2M096C61O4MLT&keywords=bags&qid=1685048335&sprefix=ba%2Caps%2C283&sr=8-37,"1,225.00",4,"11,072 ratings",3
ADISA Laptop Backpack 31 Ltrs,https://www.amazon.in/ADISA-BP004-Weight-Casual-Backpack/dp/B07G3CG9FC/ref=sr_1_39?crid=2M096C61O4MLT&keywords=bags&qid=1685048335&sprefix=ba%2Caps%2C283&sr=8-39,499,4,"9,284 ratings",3
"Safari Sneak Casual Backpack with USB Charging Port 26 Ltrs Water Resistant Fabric - Grey, L (SNEAK19CBGRE)",https://www.amazon.in/Safari-Casual-Backpack-Charging-Resistant/dp/B09B2581S9/ref=sr_1_40?crid=2M096C61O4MLT&keywords=bags&qid=1685048335&sprefix=ba%2Caps%2C283&sr=8-40,949,3.7,923 ratings,3
DEIN KLEIDER Men's Nylon Messenger Bag,https://www.amazon.in/Kleider-Travel-Business-Messenger-Shoulder/dp/B084ZHP97M/ref=sr_1_41?crid=2M096C61O4MLT&keywords=bags&qid=1685048335&sprefix=ba%2Caps%2C283&sr=8-41,349,4,"4,880 ratings",3
F Gear Luxur Brown 25 liter Laptop Backpack (2404),https://www.amazon.in/F-Gear-Luxur-Brown-Backpack/dp/B01F7AX9ZA/ref=sr_1_42?crid=2M096C61O4MLT&keywords=bags&qid=1685048335&sprefix=ba%2Caps%2C283&sr=8-42,"1,162.00",4.4,"16,733 ratings",3
ADISA 31 Ltrs Casual Backpack School College Bag Pack (Navy Blue),https://www.amazon.in/ADISA-Casual-Backpack-School-College/dp/B0BX3QFVSM/ref=sr_1_45?crid=2M096C61O4MLT&keywords=bags&qid=1685048335&sprefix=ba%2Caps%2C283&sr=8-45,399,3.8,35 ratings,3
POLICE Backpack for Men Casual Laptop Bag Office/Travel/College 30 Ltr Hedge Polyester - Black,https://www.amazon.in/Police-Polyester-laptop-casual-backpack/dp/B09CQ5T3LN/ref=sr_1_46?crid=2M096C61O4MLT&keywords=bags&qid=1685048335&sprefix=ba%2Caps%2C283&sr=8-46,"1,399.00",4.1,"5,527 ratings",3
URBAN CARRIER School Bag For girls school bags for boys Class 5-10 Large 4 partition 45 L Laptop Collage Office Travel Unisex Backpack,https://www.amazon.in/School-school-partition-Collage-Backpack/dp/B09NNYCQ1Q/ref=sr_1_47?crid=2M096C61O4MLT&keywords=bags&qid=1685048335&sprefix=ba%2Caps%2C283&sr=8-47,395,3.7,655 ratings,3
Half Moon 55 litres Travelling Laptop Bag/Rucksack Backpack for Luggage Travel Journey Trekking Hiking Bags for Men Women Boys and Girls with Laptop Compartment & Rain Cover,https://www.amazon.in/Half-Moon-Travelling-Rucksack-Compartment/dp/B09WDGZ32L/ref=sr_1_48?crid=2M096C61O4MLT&keywords=bags&qid=1685048335&sprefix=ba%2Caps%2C283&sr=8-48,899,4,432 ratings,3
"Mi Step Out 12 L Mini Backpack (Small Size, Black, Water Repellant)",https://www.amazon.in/Backpack-Small-Black-Water-Repellant/dp/B088XB5XY8/ref=sr_1_49?crid=2M096C61O4MLT&keywords=bags&qid=1685048335&sprefix=ba%2Caps%2C283&sr=8-49,398,4.1,"8,997 ratings",3
NORTH ZONE Casual Waterproof Laptop Backpack/Office Bag/School Bag/College Bag/Business Bag/Travel Backpack (Dimensions:13x18 inches) (Compatible with 39.62cm(15.6inch laptop) 30 L,https://www.amazon.in/NORTH-ZONE-Waterproof-Backpack-Dimensions/dp/B0BS6QQZYN/ref=sr_1_50?crid=2M096C61O4MLT&keywords=bags&qid=1685048335&sprefix=ba%2Caps%2C283&sr=8-50,569,4,314 ratings,3
AUXTER Faux Leather 23 Cms Duffle Bag(AUX_GB_LE_Black -SE_0521_Black),https://www.amazon.in/AUXTER-BLACKY-Duffel-Emboss-Black/dp/B07F2H25NP/ref=sr_1_51?crid=2M096C61O4MLT&keywords=bags&qid=1685048335&sprefix=ba%2Caps%2C283&sr=8-51,376,4.3,"9,121 ratings",3
"Artistix Talon Anti Theft Design Laptop Backpack, With USB Charging Port (46 Cm, 25L,Black)",https://www.amazon.in/Artistix-Backpack-Anti-Theft-Charging-Resistance/dp/B082PKX18C/ref=sr_1_52?crid=2M096C61O4MLT&keywords=bags&qid=1685048335&sprefix=ba%2Caps%2C283&sr=8-52,999,4.3,"3,279 ratings",3
Wesley Milestone 15.6 inch 25 L Casual Waterproof Laptop Backpack/Office Bag/School Bag/College Bag/Business Bag/Unisex Travel Backpack (Black),https://www.amazon.in/Wesley-Milestone-Waterproof-Backpack-Business/dp/B07NJRPJ6Q/ref=sr_1_51?crid=2M096C61O4MLT&keywords=bags&qid=1685048338&sprefix=ba%2Caps%2C283&sr=8-51,497,4.3,"12,760 ratings",4
F Gear Colorado Grey Orange 39 Ltrs Laptop Backpack (3814),https://www.amazon.in/Gear-Colorado-Orange-Laptop-Backpack/dp/B097K6KD7W/ref=sr_1_53?crid=2M096C61O4MLT&keywords=bags&qid=1685048338&sprefix=ba%2Caps%2C283&sr=8-53,895,4.3,156 ratings,4
Northzone Lightweight school bags Backpacks for Boys Girls Stylish men and women Casual Travel Laptop Bag College office (Black) 40L,https://www.amazon.in/NORTH-ZONE-Lightweight-Backpacks-Stylish/dp/B0BL3TVDK6/ref=sr_1_54?crid=2M096C61O4MLT&keywords=bags&qid=1685048338&sprefix=ba%2Caps%2C283&sr=8-54,426,3.9,70 ratings,4
Gear Vintage2 Anti Theft Faux Leather 18 cms Tan Laptop Backpack,https://www.amazon.in/Gear-Vintage2-Leather-Backpack-LBPVG2LTH1901/dp/B07G4F3758/ref=sr_1_56?crid=2M096C61O4MLT&keywords=bags&qid=1685048338&sprefix=ba%2Caps%2C283&sr=8-56,836,4.3,"1,555 ratings",4
"Safari Spartan 21 Ltrs Water Resistant Backpack - Teal, S (SPARTAN19CBTEA)",https://www.amazon.in/Safari-Spartan-Water-Resistant-Backpack/dp/B09B277CR5/ref=sr_1_57?crid=2M096C61O4MLT&keywords=bags&qid=1685048338&sprefix=ba%2Caps%2C283&sr=8-57,599,3.8,765 ratings,4
ADISA 32L Large Laptop Backpack Office Bag College Travel Back Pack with rain Cover (Green),https://www.amazon.in/ADISA-Laptop-Backpack-Office-College/dp/B0BPVCBFM7/ref=sr_1_58?crid=2M096C61O4MLT&keywords=bags&qid=1685048338&sprefix=ba%2Caps%2C283&sr=8-58,599,3.8,141 ratings,4
"uppercase Medium 17 Ltrs Vegan Leather (upto 14 inch) Laptop Backpack 2300EBP1 3x more water resistant sustainable bags with rain proof zippers for Men, Women, Boys and Girls, 750 Days warranty",https://www.amazon.in/sspa/click?ie=UTF8&spc=MTozNTA2MDY0ODc0MTU2MjQ0OjE2ODUwNDgzMzg6c3BfbXRmOjIwMTI0MzExMDI0ODk4OjowOjo&url=%2Fuppercase-Backpack-2300EBP1-resistant-sustainable%2Fdp%2FB0BWNCV31F%2Fref%3Dsr_1_60_sspa%3Fcrid%3D2M096C61O4MLT%26keywords%3Dbags%26qid%3D1685048338%26sprefix%3Dba%252Caps%252C283%26sr%3D8-60-spons%26sp_csd%3Dd2lkZ2V0TmFtZT1zcF9tdGY%26psc%3D1,"1,600.00",4.1,440 ratings,4
"AirCase Laptop Bag Backpack Case Pouch for Laptop Backpack for Men & Women,Premium Vegan Leather",https://www.amazon.in/AirCase-C34-Laptop-Backpack-Women/dp/B07QN4KXWG/ref=sr_1_63?crid=2M096C61O4MLT&keywords=bags&qid=1685048338&sprefix=ba%2Caps%2C283&sr=8-63,918,3.8,806 ratings,4
ADISA Large Laptop Backpack Office Bag College Travel Back Pack with USB (Black),https://www.amazon.in/ADISA-Laptop-Backpack-Office-College/dp/B0BXQZ6Q85/ref=sr_1_64?crid=2M096C61O4MLT&keywords=bags&qid=1685048338&sprefix=ba%2Caps%2C283&sr=8-64,499,4,39 ratings,4
"Lenovo 15.6"" Professional Backpack, Made in India, Water-resistant,Uncompromised storage, Travel friendly:Fleece-lined PC compartment,Vented,Padded BackPanel & Adjustable shoulder straps,Luggage strap",https://www.amazon.in/Lenovo-Professional-Backpack-Water-resistant-Uncompromised/dp/B08R7S55H4/ref=sr_1_65?crid=2M096C61O4MLT&keywords=bags&qid=1685048338&sprefix=ba%2Caps%2C283&sr=8-65,700,4.2,755 ratings,4
NIVIA Basic Duffle Polyester Bag/Gym Bags/Adjustable Shoulder Bag for Men/Duffle Gym Bags for Men/Fitness Bag/Carry Bags/Sports & Travel Bag/Sports Kit/Duffle Bags Travel,https://www.amazon.in/Nivia-6853-Polyester-Basic-Duffle/dp/B07FWQ9HRV/ref=sr_1_66?crid=2M096C61O4MLT&keywords=bags&qid=1685048338&sprefix=ba%2Caps%2C283&sr=8-66,269,4,"3,447 ratings",4
Trajectory 15.6 Inch Vegan Leather Messenger Laptop bag for men in Office for all laptop like Apple MacBook with 2 Years Warranty and Spacious Multiple Compartment with Expandable Bottom Used as Shoulder and Handbag for Men,https://www.amazon.in/Trajectory-Elegant-15-6-Laptop-Office/dp/B09RK6NCGC/ref=sr_1_67?crid=2M096C61O4MLT&keywords=bags&qid=1685048338&sprefix=ba%2Caps%2C283&sr=8-67,"1,399.00",4.1,392 ratings,4
Half Moon 45L Hammer Waterproof Laptop Travelling Rucksack Trekking Backpack for Travel Journey bags for Men Women Boys & Girls with 17.3inch Laptop Compartment & Rain cover,https://www.amazon.in/Half-Moon-Trekking-Bags-Compartment/dp/B08PSX1LN9/ref=sr_1_68?crid=2M096C61O4MLT&keywords=bags&qid=1685048338&sprefix=ba%2Caps%2C283&sr=8-68,"1,199.00",4.1,"1,221 ratings",4
Gear Classic 20L Faux Leather Water Resistant Anti Theft Laptop Bag/Backpack for Men/Women-Navy,https://www.amazon.in/sspa/click?ie=UTF8&spc=MTozNTA2MDY0ODc0MTU2MjQ0OjE2ODUwNDgzMzg6c3BfYnRmOjIwMTU2NTA1OTAzNDk4OjowOjo&url=%2FGear-Classic-Leather-Backpack-LBPCLSLTH0519%2Fdp%2FB07G4JQX2F%2Fref%3Dsr_1_70_sspa%3Fcrid%3D2M096C61O4MLT%26keywords%3Dbags%26qid%3D1685048338%26sprefix%3Dba%252Caps%252C283%26sr%3D8-70-spons%26sp_csd%3Dd2lkZ2V0TmFtZT1zcF9idGY%26psc%3D1,990,4.4,"6,311 ratings",4
MALIK TRADES Sport Chairman Laptop Bag | Premium Business Backpack for Men & Women | Durable Office Bag for Notebook/MacBook GREY/,https://www.amazon.in/sspa/click?ie=UTF8&spc=MTo3MTkyMDY3MTA4MTE4MzYyOjE2ODUwNDgzNDA6c3BfYXRmX25leHQ6MjAxNTg5MDM1MTUyOTg6OjA6Og&url=%2FMALIK-TRADES-Chairman-Business-14%2Fdp%2FB0BZD4C8LP%2Fref%3Dsr_1_65_sspa%3Fcrid%3D2M096C61O4MLT%26keywords%3Dbags%26qid%3D1685048340%26sprefix%3Dba%252Caps%252C283%26sr%3D8-65-spons%26sp_csd%3Dd2lkZ2V0TmFtZT1zcF9hdGZfbmV4dA%26psc%3D1,"2,000",0,0,5
Tabelito® Laptop Bag For Men and women Briefcase 15.6 Inch (39.6 cm) Messenger Side Shoulder Travel bags for mens Water Resistant gifts office bag for men,https://www.amazon.in/Tabelito-Office-Laptop-Briefcase-Women/dp/B08FKXCJNQ/ref=sr_1_68?crid=2M096C61O4MLT&keywords=bags&qid=1685048340&sprefix=ba%2Caps%2C283&sr=8-68,549,4,"2,560 ratings",5
Arctic Hunter Laptop Bag Expandable Backpack for 16 inch Lapotp 40L Travel Backpack Water-resistant Business School Backpack with USB Port for Men and Women,https://www.amazon.in/Expandable-Backpack-Water-resistant-Business-Charging/dp/B0B6FNB898/ref=sr_1_69?crid=2M096C61O4MLT&keywords=bags&qid=1685048340&sprefix=ba%2Caps%2C283&sr=8-69,"3,514",4.5,52 ratings,5
ADISA 32L Large Laptop Backpack Office Bag College Travel Back Pack with rain Cover (Black),https://www.amazon.in/ADISA-Laptop-Backpack-Office-College/dp/B0BPTV3795/ref=sr_1_70?crid=2M096C61O4MLT&keywords=bags&qid=1685048340&sprefix=ba%2Caps%2C283&sr=8-70,599,3.8,141 ratings,5
"Lenovo 15.6"" Casual Backpack B210",https://www.amazon.in/Lenovo-Laptop-Backpack-15-6-Inch-GX40Q17225/dp/B075Y72PHZ/ref=sr_1_71?crid=2M096C61O4MLT&keywords=bags&qid=1685048340&sprefix=ba%2Caps%2C283&sr=8-71,774,4.2,"26,983 ratings",5
Gear Vintage2 28L Faux Leather Water Resistant Anti Theft Laptop Bag/Backpack for Men/Women-Black,https://www.amazon.in/Gear-Vintage2-Leather-Backpack-LBPVG2LTH0101/dp/B07G44G1DC/ref=sr_1_72?crid=2M096C61O4MLT&keywords=bags&qid=1685048340&sprefix=ba%2Caps%2C283&sr=8-72,990,4.4,"1,770 ratings",5
Lunar's Comet 35L Water Resistant Travel Bagpack/College Backpack/School Bag/Office Bag/Business Backpack/Daypack for Men and Women with 1 Year Warranty,https://www.amazon.in/Lunars-Comet-Resistant-Casual-Backpack/dp/B07WNFN1XS/ref=sr_1_73?crid=2M096C61O4MLT&keywords=bags&qid=1685048340&sprefix=ba%2Caps%2C283&sr=8-73,849,4,"13,288 ratings",5
Bennett™ Mystic 15.6 inch (39.6cm) Laptop Briefcase Shoulder Sling Office Business Professional Travel Messenger Bag for Men and Women Water Repellent Formal Executive Bags (Grey) 6 Months Warranty,https://www.amazon.in/BennettTM-Mystic-Shoulder-Messenger-Repellent/dp/B09321GJXZ/ref=sr_1_74?crid=2M096C61O4MLT&keywords=bags&qid=1685048340&sprefix=ba%2Caps%2C283&sr=8-74,499,4,"5,741 ratings",5
LOOKMUSTER Casual Waterproof Laptop Backpack/Office Bag/School Bag/College Bag/Business Bag/Travel Backpack…,https://www.amazon.in/LOOKMUSTER-Waterproof-Backpack-College-Business/dp/B0BS6YGKMC/ref=sr_1_77?crid=2M096C61O4MLT&keywords=bags&qid=1685048340&sprefix=ba%2Caps%2C283&sr=8-77,598,3.9,26 ratings,5
"DYAZO Water Resistant Camera Bag/Case Shoulder Strap Space for Photography Lens and Accessories Compatible for Nikon, Canon, Sony, Panasonic, Samsung & Other SLR/DSLR etc (Black & Silver)",https://www.amazon.in/Resistant-Photography-Accessories-Compatible-Panasonic/dp/B0BRJLWQ6R/ref=sr_1_78?crid=2M096C61O4MLT&keywords=bags&qid=1685048340&sprefix=ba%2Caps%2C283&sr=8-78,599,4.5,201 ratings,5
Half Moon 30L Waterproof 15.6 inch Laptop Office School College Bag Backpack for Men Women Boys & Girls,https://www.amazon.in/Half-Moon-Waterproof-Laptop-Backpack/dp/B09QM9N1B3/ref=sr_1_79?crid=2M096C61O4MLT&keywords=bags&qid=1685048340&sprefix=ba%2Caps%2C283&sr=8-79,589,3.7,358 ratings,5
"Mi Step Out 12 L Mini Backpack (Small Size, Dark Blue, Water Repellant)",https://www.amazon.in/Step-Backpack-Small-Water-Repellant/dp/B088XH1BP7/ref=sr_1_80?crid=2M096C61O4MLT&keywords=bags&qid=1685048340&sprefix=ba%2Caps%2C283&sr=8-80,398,4.1,"8,997 ratings",5
"Tabelito® Casual Laptop Bag 15.6inch (39.6 cm) , 25 LTR Office College School Bags Business Travel Backpack for Men Women Water Resistant Bags(BLACK)",https://www.amazon.in/Tabelito-Laptop-Backpack-15-6-inch-Repellent/dp/B08Y5S6C2P/ref=sr_1_82?crid=2M096C61O4MLT&keywords=bags&qid=1685048340&sprefix=ba%2Caps%2C283&sr=8-82,549,4.1,"1,733 ratings",5
Half Moon Aztec 37L School Bag Class 5-12 | College Bagpack for Men/College Back pack for Women | 15.6 inch Laptop Bag for Men/Backpack for Men | Spacious & Multiple Pockets,https://www.amazon.in/Half-Moon-Backpack-Spacious-Multiple/dp/B0C241FLW2/ref=sr_1_83?crid=2M096C61O4MLT&keywords=bags&qid=1685048340&sprefix=ba%2Caps%2C283&sr=8-83,549,4.5,14 ratings,5
DZert Kids School Bag Soft Plush Backpacks Cartoon Boys Girls Baby (2-5 Years),https://www.amazon.in/DZert-Kids-Grey-School-Years/dp/B07QD1M3R9/ref=sr_1_84?crid=2M096C61O4MLT&keywords=bags&qid=1685048340&sprefix=ba%2Caps%2C283&sr=8-84,225,3.7,"3,097 ratings",5
SINOPACK Medium 30 L Laptop Backpack Unisex school bag (BLACK),https://www.amazon.in/sspa/click?ie=UTF8&spc=MTo3MTkyMDY3MTA4MTE4MzYyOjE2ODUwNDgzNDA6c3BfYnRmOjIwMTQxODE0ODU2Mjk4OjowOjo&url=%2FSINOPACK-Medium-Laptop-Backpack-Unisex%2Fdp%2FB0BZZ8CTLR%2Fref%3Dsr_1_85_sspa%3Fcrid%3D2M096C61O4MLT%26keywords%3Dbags%26qid%3D1685048340%26sprefix%3Dba%252Caps%252C283%26sr%3D8-85-spons%26sp_csd%3Dd2lkZ2V0TmFtZT1zcF9idGY%26psc%3D1,549,0,0,5
ADISA Women Girls Floral Print Sling Bag,https://www.amazon.in/ADISA-Women-Girls-Floral-SL5072-CRE_Cream/dp/B09B56BCXR/ref=sr_1_84?crid=2M096C61O4MLT&keywords=bags&qid=1685048343&sprefix=ba%2Caps%2C283&sr=8-84,495,4.3,511 ratings,6
HEROZ Hacker 50 litres Nylon Travel Laptop Backpack Water Resistant Slim Durable Computer Book Bag Tracking Fits Up to 17.3-inch Laptop (058- ALL) (Navy Blue),https://www.amazon.in/HEROZ-Backpack-Resistant-Computer-17-3-inch/dp/B083N3DCTM/ref=sr_1_85?crid=2M096C61O4MLT&keywords=bags&qid=1685048343&sprefix=ba%2Caps%2C283&sr=8-85,"1,599.00",4.2,"3,797 ratings",6
Arctic Hunter Backpack Premium Business Backpack for Men Office Travel Laptop Bag with 15.6 Inch Laptop Pocket Water/Scratch-resistant Multiple Pocket Padded College Backpack for Men,https://www.amazon.in/Backpack-Business-Scratch-resistant-Multiple-Comfortable/dp/B0B6FNPN76/ref=sr_1_86?crid=2M096C61O4MLT&keywords=bags&qid=1685048343&sprefix=ba%2Caps%2C283&sr=8-86,"5,699",4.3,98 ratings,6
NIVIA Deflate Round 01 Polyester Gym Bag/Unisex Gym Bags/Adjustable Shoulder Bag for Men/Duffle Gym Bags for Men/Carry Gym Accessories/Fitness Bag/Sports &Travel Bag/Gym kit Bag,https://www.amazon.in/Nivia-Deflate-5180BK-Polyester-Round/dp/B07222KX3S/ref=sr_1_87?crid=2M096C61O4MLT&keywords=bags&qid=1685048343&sprefix=ba%2Caps%2C283&sr=8-87,369,4.2,"7,546 ratings",6
"Safari Spartan 21 Ltrs Water Resistant Backpack - Blue, S (SPARTAN19CBBLU)",https://www.amazon.in/Safari-Spartan-Water-Resistant-Backpack/dp/B09B26MB5M/ref=sr_1_88?crid=2M096C61O4MLT&keywords=bags&qid=1685048343&sprefix=ba%2Caps%2C283&sr=8-88,599,3.8,811 ratings,6
"SFANE Polyester 23 cms Navy Blue Gym Bag, Shoulder Bag, Sports Bag for Men & Women with Separate Shoes Compartment (Blue)",https://www.amazon.in/SFANE-Duffel-Shoulder-Women-Compartment/dp/B07ZC77WTW/ref=sr_1_89?crid=2M096C61O4MLT&keywords=bags&qid=1685048343&sprefix=ba%2Caps%2C283&sr=8-89,437,4.4,"2,723 ratings",6
Gear Vintage2 28L Faux Leather Water Resistant Anti Theft Laptop Bag/Backpack for Men/Women-Navy,https://www.amazon.in/Gear-Vintage2-Leather-Backpack-LBPVG2LTH0501/dp/B07G4HH78P/ref=sr_1_90?crid=2M096C61O4MLT&keywords=bags&qid=1685048343&sprefix=ba%2Caps%2C283&sr=8-90,970,4.4,"3,237 ratings",6
"Sfane Polyester 9.05 Black Men & Women Trendy Black Sports Duffle Gym Bag, Shoulder Bag",https://www.amazon.in/Sfane-Women-Trendy-Black-Duffel/dp/B07GCR84D9/ref=sr_1_93?crid=2M096C61O4MLT&keywords=bags&qid=1685048343&sprefix=ba%2Caps%2C283&sr=8-93,325,4.2,"1,024 ratings",6
"FATMUG Polyester Foldable Duffle Travel Bag Luggage For Travel, Packing And Storage - Men And Women - (60 L, Black)",https://www.amazon.in/FATMUG-Foldable-Luggage-Packing-Storage/dp/B07YFNXC3H/ref=sr_1_94?crid=2M096C61O4MLT&keywords=bags&qid=1685048343&sprefix=ba%2Caps%2C283&sr=8-94,999,4.2,"1,308 ratings",6
Lavie Women's Pavo Tote Bag | Ladies Purse Handbag,https://www.amazon.in/Lavie-Pavo-Womens-Tote-Navy/dp/B07YY1PJ3H/ref=sr_1_95?crid=2M096C61O4MLT&keywords=bags&qid=1685048343&sprefix=ba%2Caps%2C283&sr=8-95,765,4.1,"4,748 ratings",6
Kore Regular Gym Bag,https://www.amazon.in/Kore-K-REGULAR-GYM-BAG-Regular-Gym-Bag/dp/B09VLK27NF/ref=sr_1_96?crid=2M096C61O4MLT&keywords=bags&qid=1685048343&sprefix=ba%2Caps%2C283&sr=8-96,59,2.6,"1,741 ratings",6
POLICE Polyester 35 Ltr Laptop Big Low Spec Laptop Backpack - Black/Navy,https://www.amazon.in/Police-Polyester-Laptop-Spec-Backpack/dp/B07ZB8NWTZ/ref=sr_1_97?crid=2M096C61O4MLT&keywords=bags&qid=1685048343&sprefix=ba%2Caps%2C283&sr=8-97,"1,569",3.3,202 ratings,6
"Fur Jaden 15.6 Inch Laptop Backpack 25 LTR Bag for School, College and Office with USB Charging Port",https://www.amazon.in/Casual-Backpack-Charging-Laptop-Compartment/dp/B07J46KLFP/ref=sr_1_98?crid=2M096C61O4MLT&keywords=bags&qid=1685048343&sprefix=ba%2Caps%2C283&sr=8-98,837,3.9,"10,167 ratings",6
"SHALIMAR large capacity Travel bag / Storage bag / Move-in bags/ Duffel Bag - Strong, Durable , Foldable and Water Resistant ( Pack of 1 ) ( Blue )",https://www.amazon.in/Shalimar-Capacity-Travel-Storage-Duffel/dp/B09TPHFMX7/ref=sr_1_99?crid=2M096C61O4MLT&keywords=bags&qid=1685048343&sprefix=ba%2Caps%2C283&sr=8-99,259,4,396 ratings,6
Lavie Sport Charge 36 litres Backpack with Laptop Sleeve | School College Bag for Boys & Girls,https://www.amazon.in/Lavie-Sport-Casual-Backpack-Charge/dp/B083KW31YD/ref=sr_1_100?crid=2M096C61O4MLT&keywords=bags&qid=1685048343&sprefix=ba%2Caps%2C283&sr=8-100,839,3.9,298 ratings,6
Tabelito® Casual 15.6 Inch (39.6 cm) Water Repellent Laptop Backpack Office College School Business Travel Bag Suitable for Men Women Boys & Girls Capacity 25 Litre (Grey),https://www.amazon.in/Tabelito-Laptop-Backpack-15-6-inch-Repellent/dp/B08Y3L4PHK/ref=sr_1_99?crid=2M096C61O4MLT&keywords=bags&qid=1685048345&sprefix=ba%2Caps%2C283&sr=8-99,549,4.1,"1,733 ratings",7
Bennett™ Mystic Unisex Adult Men's Laptop Bag 15.6 inch Side Shoulder Briefcase Satchel Messenger Business Bags for Men & Women Front Pocket for Laptop Accessories - Black (6 Month Warranty),https://www.amazon.in/BennettTM-Shoulder-Messenger-Repellent-Charcoal/dp/B09CV24TMK/ref=sr_1_100?crid=2M096C61O4MLT&keywords=bags&qid=1685048345&sprefix=ba%2Caps%2C283&sr=8-100,512,4,"5,741 ratings",7
"Golden Wolf Laptop Bag Anti-theft Backpack with Lock College School Laptop Backpack with Rain Cover Water Resistant Business Backpack with USB Port for 15.6-inch Laptop Office Travel Bag for Men and Women Gifts, Dark Grey",https://www.amazon.in/Hoteon-Backpack-Anti-Theft-Earphone-Resistant/dp/B08HM4TQZZ/ref=sr_1_101?crid=2M096C61O4MLT&keywords=bags&qid=1685048345&sprefix=ba%2Caps%2C283&sr=8-101,"1,946.00",4.4,"3,365 ratings",7
F Gear Enzo Sports Waist Bag (.Black Blue),https://www.amazon.in/F-Gear-Enzo-Black-Blue-Waist-Bag/dp/B0862LXJYT/ref=sr_1_102?crid=2M096C61O4MLT&keywords=bags&qid=1685048345&sprefix=ba%2Caps%2C283&sr=8-102,148,4.2,"1,190 ratings",7
F Gear String 11 Ltrs Nylon Black Gym Bag,https://www.amazon.in/F-Gear-String-Polyester-33-cms-Black-Drawstring-Gym-Bag/dp/B07PC28YQ9/ref=sr_1_104?crid=2M096C61O4MLT&keywords=bags&qid=1685048345&sprefix=ba%2Caps%2C283&sr=8-104,199,4,505 ratings,7
Wooum Anti Theft Laptop Bag - Backpack For Laptop and Tablet of 15.6 Inch Thick Padded Compartment - Light Weight - Water Resistance – Anti Theft (Black),https://www.amazon.in/Wooum-Anti-Theft-Laptop-Bag/dp/B0BYP7SJ4Q/ref=sr_1_106?crid=2M096C61O4MLT&keywords=bags&qid=1685048345&sprefix=ba%2Caps%2C283&sr=8-106,474,4.8,7 ratings,7
"Bennett Casual Laptop Bag school bags for boys girls 15.6-inch, 25 LTR Office & College bags for mens Water Repellent Backpack for Men & Women (GREY)",https://www.amazon.in/Bennett-15-6-inch-College-Repellent-Backpack/dp/B09WZKHSDR/ref=sr_1_111?crid=2M096C61O4MLT&keywords=bags&qid=1685048345&sprefix=ba%2Caps%2C283&sr=8-111,512,3.9,573 ratings,7
"Half Moon Curiosity 35L Water Resistant 15.6"" Laptop Bag for Men/Backpack for Men, Black | Office Bag for Men/Office Bag for Women with Padded Laptop Compartment | Rain Cover & Slim Durable Backpack",https://www.amazon.in/Half-Moon-Curiosity-Backpack-Resistant/dp/B09S3ZK3N1/ref=sr_1_113?crid=2M096C61O4MLT&keywords=bags&qid=1685048345&sprefix=ba%2Caps%2C283&sr=8-113,749,3.8,177 ratings,7
"Nivia 5227 Pulse Junior Bag, Others (Orange) (Sky Blue)",https://www.amazon.in/Nivia-5227-Pulse-Junior-Others/dp/B08D7QG33Z/ref=sr_1_116?crid=2M096C61O4MLT&keywords=bags&qid=1685048345&sprefix=ba%2Caps%2C283&sr=8-116,294,3.7,180 ratings,7
Lenovo 15.6-inch Casual Laptop Briefcase T210,https://www.amazon.in/Lenovo-Carrying-15-6-Inch-Toploader-GX40Q17229/dp/B075Y6Y9H5/ref=sr_1_116?crid=2M096C61O4MLT&keywords=bags&qid=1685048348&sprefix=ba%2Caps%2C283&sr=8-116,799,4.2,"19,480 ratings",8
DZert Clasy Laptop Bag College Bag for Boys Girls 21 L Blue White,https://www.amazon.in/DZert-School-Polyester-Backpack-White/dp/B07GXYHFCY/ref=sr_1_117?crid=2M096C61O4MLT&keywords=bags&qid=1685048348&sprefix=ba%2Caps%2C283&sr=8-117,299,3.8,"2,401 ratings",8
motherly Stylish Babies Diaper Bags for Mothers - Economical Version (Grey and Pink),https://www.amazon.in/Motherly-Stylish-Babies-Diaper-Mothers/dp/B07DMKJJB4/ref=sr_1_118?crid=2M096C61O4MLT&keywords=bags&qid=1685048348&sprefix=ba%2Caps%2C283&sr=8-118,"1,784.00",4.6,"5,694 ratings",8
Red Lemon Arctic Hunter Mens Small Sling Bag Chest Bag Shoulder Bag Mobile Bag Side Bag with Earphone Port Water Resistant for Everyday Use Small Items and Small Electronic Product (Black),https://www.amazon.in/Red-Lemon-Shoulder-Resistant-Electronic/dp/B0BT82BKCN/ref=sr_1_120?crid=2M096C61O4MLT&keywords=bags&qid=1685048348&sprefix=ba%2Caps%2C283&sr=8-120,"1,299.00",3.6,6 ratings,8
"POLESTAR Noble 32 L Bag for College, School, Office, Casual Multipurpose Backpack with 15.6"" Laptop Compartment, Water Resistant, Unisex Design, Stylish & Durable, 1 Year Warranty",https://www.amazon.in/POLESTAR-Casual-bagpack-School-Backpack/dp/B07PQQ8M7B/ref=sr_1_121?crid=2M096C61O4MLT&keywords=bags&qid=1685048348&sprefix=ba%2Caps%2C283&sr=8-121,579,3.9,"17,556 ratings",8
"POLESTAR Leader 34 L Bag for College, School, Office, Casual Multipurpose Backpack with 15.6"" Laptop Compartment, Water Resistant, Unisex Design, Stylish & Durable, 1 Year Warranty",https://www.amazon.in/POLESTAR-backpack-Backpack-College-Students/dp/B08X2KRL8B/ref=sr_1_125?crid=2M096C61O4MLT&keywords=bags&qid=1685048348&sprefix=ba%2Caps%2C283&sr=8-125,599,4.1,"3,485 ratings",8
"WILD MODA Women's Shoulder Bag, Set of 1",https://www.amazon.in/WILD-MODA-Womens-Shoulder-Turquoise/dp/B099PLT91X/ref=sr_1_126?crid=2M096C61O4MLT&keywords=bags&qid=1685048348&sprefix=ba%2Caps%2C283&sr=8-126,849,4.2,"3,805 ratings",8
"Arctic Hunter Backpack,Original 41L Expandable Laptop Bag Business Travel Backpack with 17 inch Laptop Pocket 3 in 1 Convertible Laptop Backpack Tech Bag with USB Charging Port Water-resistant Multiple Compartments Large Capacity Bag for Men Women Travel Business College",https://www.amazon.in/Adjustable-Backpack-Charging-Resistant-Bussiness/dp/B084NZFNGS/ref=sr_1_128?crid=2M096C61O4MLT&keywords=bags&qid=1685048348&sprefix=ba%2Caps%2C283&sr=8-128,"3,419",4.5,490 ratings,8
Amazon Basics 20 ltrs Casual/Travel/College Backpack for 15.6-inch Laptop | Water Resistant Fabric,https://www.amazon.in/Amazon-Basics-Casual-Backpack-15-6-inch/dp/B09W4WJ1CB/ref=sr_1_129?crid=2M096C61O4MLT&keywords=bags&qid=1685048348&sprefix=ba%2Caps%2C283&sr=8-129,459,4.2,533 ratings,8
ADISA 15.6 inch Laptop Backpack Office Bag College Travel Back Pack 32 Ltrs (z-Teal),https://www.amazon.in/ADISA-Laptop-Backpack-Office-College/dp/B09TPVD964/ref=sr_1_131?crid=2M096C61O4MLT&keywords=bags&qid=1685048348&sprefix=ba%2Caps%2C283&sr=8-131,499,3.9,801 ratings,8
"Vivinkaa Sling Bag for Women, Bags for Women, Sling Bag, Purse for Women, Sling Bag for Women Stylish, Sling Bag for Girls, Women Sling Bag, Bag for Girls - Indigo",https://www.amazon.in/Vivinkaa-Womens-Sling-Bag-Blue/dp/B077WSKG53/ref=sr_1_131?crid=2M096C61O4MLT&keywords=bags&qid=1685048351&sprefix=ba%2Caps%2C283&sr=8-131,549,3.8,"1,899 ratings",9
Impulse rucksack bags 75 litres travel bag for men tourist bag for travel backpack for hiking trekking Bag for men camping thames blue bag with 1 Year Warranty,https://www.amazon.in/Impulse-rucksack-75-backpack-trekking/dp/B09T9XDQ99/ref=sr_1_134?crid=2M096C61O4MLT&keywords=bags&qid=1685048351&sprefix=ba%2Caps%2C283&sr=8-134,"1,244.00",4,364 ratings,9
NETTIE Cotton Carry Bag with Strap and Drawstring for Yoga Mat- Big Size,https://www.amazon.in/NETTIE-Cotton-Carry-Strap-Drawstring/dp/B08LBT1R9J/ref=sr_1_135?crid=2M096C61O4MLT&keywords=bags&qid=1685048351&sprefix=ba%2Caps%2C283&sr=8-135,198,4.1,"1,067 ratings",9
TRUE HUMAN Anti-Theft and USB charging port backpack with security lock Laptop bag|office bag| for men and women (Grey),https://www.amazon.in/TRUE-HUMAN-Anti-Theft-charging-combination/dp/B09H7PK5ML/ref=sr_1_137?crid=2M096C61O4MLT&keywords=bags&qid=1685048351&sprefix=ba%2Caps%2C283&sr=8-137,585,3.8,"1,779 ratings",9
"TRUE HUMAN® Emperor Anti-Theft backpack with combination lock Laptop bag,office bag for Men and Women | College Bags for Girls & Boys (Zyden)",https://www.amazon.in/TRUE-HUMAN-Anti-Theft-backpack-combination/dp/B09VCHV6T5/ref=sr_1_138?crid=2M096C61O4MLT&keywords=bags&qid=1685048351&sprefix=ba%2Caps%2C283&sr=8-138,649,3.7,"1,128 ratings",9
Okami ZenPack UNO Minimal Laptop Messenger Bag X Briefcase,https://www.amazon.in/Okami-ZenPack-Minimal-Messenger-Briefcase/dp/B0BVZT69JN/ref=sr_1_141?crid=2M096C61O4MLT&keywords=bags&qid=1685048351&sprefix=ba%2Caps%2C283&sr=8-141,"1,999",4.3,18 ratings,9
ADISA 32L Large Laptop Backpack Office Bag College Travel Back Pack with rain Cover (Navy),https://www.amazon.in/ADISA-Laptop-Backpack-Office-College/dp/B0BPTT2HZY/ref=sr_1_142?crid=2M096C61O4MLT&keywords=bags&qid=1685048351&sprefix=ba%2Caps%2C283&sr=8-142,599,3.8,141 ratings,9
HEROZ Hammer Unisex Nylon 35 L Travel Laptop Backpack Water Resistant Slim Durable Fits Up to 17.3 Inch Laptop Notebook (Black),https://www.amazon.in/HEROZ-Backpack-Resistant-Durable-Notebook/dp/B09B7KC93T/ref=sr_1_143?crid=2M096C61O4MLT&keywords=bags&qid=1685048351&sprefix=ba%2Caps%2C283&sr=8-143,"1,199.00",4.2,"1,129 ratings",9
Wildcraft Casual backpack 45L (12956),https://www.amazon.in/Wildcraft-Casual-backpack-45L-12956/dp/B0BZVCHKTD/ref=sr_1_144_mod_new?crid=2M096C61O4MLT&keywords=bags&qid=1685048351&sbo=RZvfv%2F%2FHxDF%2BO5021pAnSA%3D%3D&sprefix=ba%2Caps%2C283&sr=8-144,"1,549.00",4.5,2 ratings,9
ADISA 15.6 inch Laptop Backpack Office Bag College Travel Back Pack 32 Ltrs (z-Black),https://www.amazon.in/ADISA-Laptop-Backpack-College-z-Black/dp/B09TPY1G1W/ref=sr_1_145?crid=2M096C61O4MLT&keywords=bags&qid=1685048351&sprefix=ba%2Caps%2C283&sr=8-145,499,3.9,801 ratings,9
FATMUG Laptop Bag For Men - Convertible Backpack For Office And Travel (Light Grey Oxford Fabric),https://www.amazon.in/FATMUG-Laptop-Bag-Men-Convertible/dp/B084LFX8ZZ/ref=sr_1_146?crid=2M096C61O4MLT&keywords=bags&qid=1685048351&sprefix=ba%2Caps%2C283&sr=8-146,"1,499.00",4.4,"1,911 ratings",9
"SACCI MUCCI Women's Rainbow Sling Bag, Handmade Bags for Females - 100% Vegan Leather and Coated Duck canvas Fabric, Lightweight and Durable",https://www.amazon.in/SACCI-MUCCI-Allamanda-Lightweight-SM1-10_magnolia/dp/B09TDNZ88Z/ref=sr_1_148?crid=2M096C61O4MLT&keywords=bags&qid=1685048351&sprefix=ba%2Caps%2C283&sr=8-148,499,4.2,786 ratings,9
"COSMUS Madison waterproof Multipurpose Backpack With laptop compartment , 33L",https://www.amazon.in/COSMUS-Multipurpose-Backpack-Bag-compartment/dp/B078JVT384/ref=sr_1_147?crid=2M096C61O4MLT&keywords=bags&qid=1685048353&sprefix=ba%2Caps%2C283&sr=8-147,"1,420.00",4.2,"2,231 ratings",10
"American Tourister Zork Polyester 2 Compartment Laptop Unisex Backpack (Black,Frsz)",https://www.amazon.in/American-Tourister-Polyester-Compartment-Backpack/dp/B0BV75WFJP/ref=sr_1_148?crid=2M096C61O4MLT&keywords=bags&qid=1685048353&sprefix=ba%2Caps%2C283&sr=8-148,"3,970",3,2 ratings,10
"Luv Lap LuvLap Baby Breast Milk Storage Bags (Pack of 25), BPA Free Disposable Milk Freezer Bags for Breast Feeding, Transparent",https://www.amazon.in/Storage-Disposable-Freezer-Feeding-Transparent/dp/B099ZZ57FT/ref=sr_1_149?crid=2M096C61O4MLT&keywords=bags&qid=1685048353&sprefix=ba%2Caps%2C283&sr=8-149,319,4.4,640 ratings,10
CAPRIFF 32 L Casual Waterproof Laptop Bag/Backpack for Men Boys & Girls For Office School College Teens & Students with Rain Cover With adjustable Strap With 2 Compartment,https://www.amazon.in/Capriff-Liters-Collage-travell-Backpack/dp/B084T7X2HX/ref=sr_1_150?crid=2M096C61O4MLT&keywords=bags&qid=1685048353&sprefix=ba%2Caps%2C283&sr=8-150,499,3.8,"3,029 ratings",10
"Foldable Travel Duffel Bag,Sport Totes,Shoulder Shopping Bag,Luggage Bag,2 Pack (Pink+Blue)",https://www.amazon.in/Foldable-Travel-Shoulder-Shopping-Luggage/dp/B07VCRL9H3/ref=sr_1_153?crid=2M096C61O4MLT&keywords=bags&qid=1685048353&sprefix=ba%2Caps%2C283&sr=8-153,399,3.8,495 ratings,10
F Gear Burner Art Lthr Black 22 Ltrs Laptop Backpack (3344),https://www.amazon.in/F-Gear-Burner-Art-Black-Laptop-Backpack/dp/B085QX7J7R/ref=sr_1_157?crid=2M096C61O4MLT&keywords=bags&qid=1685048353&sprefix=ba%2Caps%2C283&sr=8-157,978,4.2,457 ratings,10
DZert Clasy Laptop Bag College Bag for Boys Girls 21 L Black,https://www.amazon.in/DZert-Polyester-Black-White-Laptop/dp/B07H193V57/ref=sr_1_159?crid=2M096C61O4MLT&keywords=bags&qid=1685048353&sprefix=ba%2Caps%2C283&sr=8-159,559,3.8,"2,401 ratings",10
"HARISSONS Bags Vervo 15.6-inch Laptop/Travel/Casual Backpack for Men and Women with Rain Cover (Black, 40 Ltrs) | Quick Access Zippered Pocket, Detailed Organizers & a Detachable Key Chain Holder",https://www.amazon.in/Harissons-Vervo-Laptop-Backpack-Built/dp/B07M5P5LW3/ref=sr_1_160?crid=2M096C61O4MLT&keywords=bags&qid=1685048353&sprefix=ba%2Caps%2C283&sr=8-160,"2,960.00",4.3,"1,976 ratings",10
motherly Diaper Bags for Mom Travel Basic Edition (Navy Blue),https://www.amazon.in/Motherly-Diaper-Bags-Travel-Basic/dp/B07PKQ3WJZ/ref=sr_1_161?crid=2M096C61O4MLT&keywords=bags&qid=1685048353&sprefix=ba%2Caps%2C283&sr=8-161,"1,549.00",4.5,"2,480 ratings",10
"Storite Stylish Multi-Pocket Small Sling Cross Body Travel Messenger One Side Shoulder Bag for Men & Women (Brown, 20.5x9x16.5cm)",https://www.amazon.in/Storite-Leather-Sling-Bag-Brown/dp/B08TR8RMNH/ref=sr_1_163?crid=2M096C61O4MLT&keywords=bags&qid=1685048353&sprefix=ba%2Caps%2C283&sr=8-163,798,4,864 ratings,10
Cosmus Vogue Casual Laptop Backpack with USB Charger Port 44cm 26 Litre Grey College Bag,https://www.amazon.in/Cosmus-Casual-Backpack-Charger-College/dp/B08D7D21FV/ref=sr_1_164?crid=2M096C61O4MLT&keywords=bags&qid=1685048353&sprefix=ba%2Caps%2C283&sr=8-164,"1,358.00",4.2,"1,390 ratings",10
AmazonBasics - Casual Backpack/Office Bag/ for a 15.6-inch Laptop,https://www.amazon.in/AmazonBasics-Casual-Backpack-Office-15-6-inch/dp/B09W4VMZ79/ref=sr_1_163?crid=2M096C61O4MLT&keywords=bags&qid=1685048356&sprefix=ba%2Caps%2C283&sr=8-163,699,4.2,533 ratings,11
"Red Lemon Swiss Cut Design 15.6 Inch Smart Laptop Backpack Bag With USB Charging Port, Anti Theft Pocket and Accessories Organiser for Men Women Boys Girls",https://www.amazon.in/Red-Lemon-Backpack-Accessories-Organiser/dp/B0C2KRH268/ref=sr_1_166?crid=2M096C61O4MLT&keywords=bags&qid=1685048356&sprefix=ba%2Caps%2C283&sr=8-166,"1,899.00",4.4,894 ratings,11
NORTH ZONE Lightweight school bags Backpacks for Boys Girls Stylish men and women Casual Travel Laptop Bag College office,https://www.amazon.in/NORTH-ZONE-Lightweight-Backpacks-Stylish/dp/B0BL3SPN16/ref=sr_1_167?crid=2M096C61O4MLT&keywords=bags&qid=1685048356&sprefix=ba%2Caps%2C283&sr=8-167,568,3.9,742 ratings,11
"Bennett 15.6 inch Laptop Bag Men/Women, 25 L Water Resistant School/College Backpack with Padded Laptop Compartment for Apple/Dell/Lenovo/Asus/Hp/Mi/MacBook/Ultrabook/Thinkpad/Ideapad (Blue)",https://www.amazon.in/Bennett-15-6-inch-Repellent-Backpack-ben_cas_blue/dp/B09WZKB54G/ref=sr_1_169?crid=2M096C61O4MLT&keywords=bags&qid=1685048356&sprefix=ba%2Caps%2C283&sr=8-169,512,3.9,573 ratings,11
F Gear Tycoon 27 Liters Laptop Backpack Sch Bag(Black),https://www.amazon.in/F-Gear-Tycoon-Laptop-Backpack/dp/B071XJ6XV5/ref=sr_1_170?crid=2M096C61O4MLT&keywords=bags&qid=1685048356&sprefix=ba%2Caps%2C283&sr=8-170,"1,149.00",4.4,239 ratings,11
Martucci 15.6 inch 30 L Casual Waterproof Laptop Backpack/Office Bag/School Bag/College Bag/Business Bag/Unisex Travel Backpack(Black),https://www.amazon.in/Martucci-Casual-Travelling-Laptop-Backpack/dp/B088B4P6ZW/ref=sr_1_175?crid=2M096C61O4MLT&keywords=bags&qid=1685048356&sprefix=ba%2Caps%2C283&sr=8-175,549,3.9,"7,494 ratings",11
"Mi Step Out 12 L Mini Backpack (Small Size, Red, Water Repellant)",https://www.amazon.in/Step-Backpack-Small-Water-Repellant/dp/B088XG77KN/ref=sr_1_176?crid=2M096C61O4MLT&keywords=bags&qid=1685048356&sprefix=ba%2Caps%2C283&sr=8-176,369,4.1,"8,997 ratings",11
Gear Moderneco5 21L Water Resistant School Bag/Backpack/College Bag For Men/Women - Navyblue,https://www.amazon.in/Gear-Ltrs-Casual-Backpack-MDBKPECO50504/dp/B0757K36YV/ref=sr_1_178?crid=2M096C61O4MLT&keywords=bags&qid=1685048356&sprefix=ba%2Caps%2C283&sr=8-178,420,3.9,"2,603 ratings",11
ASTRID Women's Round Sling Bag with Pompoms (Brown),https://www.amazon.in/ASTRID-Womens-Round-Sling-Pompoms/dp/B08VS8JBNK/ref=sr_1_179?crid=2M096C61O4MLT&keywords=bags&qid=1685048356&sprefix=ba%2Caps%2C283&sr=8-179,499,4.4,429 ratings,11
"Safari Seek 32 Ltrs Overnighter Travel Laptop Backpack (Black), Water Resistant Spacious Bag for Travelling and Camping, All-Purpose Bag for Business & Leisure",https://www.amazon.in/Safari-Overnighter-Resistant-Travelling-All-Purpose/dp/B097JMR4M6/ref=sr_1_180?crid=2M096C61O4MLT&keywords=bags&qid=1685048356&sprefix=ba%2Caps%2C283&sr=8-180,"1,949",4.3,176 ratings,11
FUR JADEN Vegan Leather 30L 15.6 Inch Laptop Backpack for Men Women for Office Professionals and College Students,https://www.amazon.in/Fur-Jaden-resistant-Backpack-BM100_Brown/dp/B07P5X6NSN/ref=sr_1_182?crid=2M096C61O4MLT&keywords=bags&qid=1685048359&sprefix=ba%2Caps%2C283&sr=8-182,"1,393.00",4.2,"2,291 ratings",12
Beauty Girls-1518 Polyester Floral printed Designer Stylish Waterproof School/Collage/Picknic Bag-Backpack For Girls & Women (32 Lit),https://www.amazon.in/Girls-1518-Polyester-Designer-Waterproof-Bag-Backpack/dp/B08F9QYRZB/ref=sr_1_184?crid=2M096C61O4MLT&keywords=bags&qid=1685048359&sprefix=ba%2Caps%2C283&sr=8-184,798,4.4,"1,067 ratings",12
F Gear Millionaire Doby 36 Ltrs Black Laptop Backpack (3201),https://www.amazon.in/F-Gear-Millionaire-Doby-Black-Laptop-Backpack/dp/B07XMLCYTH/ref=sr_1_189?crid=2M096C61O4MLT&keywords=bags&qid=1685048359&sprefix=ba%2Caps%2C283&sr=8-189,"1,049.00",4.1,35 ratings,12
"F Gear Blow Laptop Backpack With Rain Cover 32 Liters (Red,Grey) Sch Bag",https://www.amazon.in/F-Gear-Blow-Laptop-Backpack-Red/dp/B0749MPCFT/ref=sr_1_190?crid=2M096C61O4MLT&keywords=bags&qid=1685048359&sprefix=ba%2Caps%2C283&sr=8-190,"1,014",4.4,285 ratings,12
Aristrocrat Unisex Laptop Bag Grey,https://www.amazon.in/Aristocrat-Zeal-Unisex-Grey-Laptop/dp/B0B5YHC1W5/ref=sr_1_191?crid=2M096C61O4MLT&keywords=bags&qid=1685048359&sprefix=ba%2Caps%2C283&sr=8-191,799,4.4,24 ratings,12
"WALKENT Premium 15.6 Inch Large Laptop Bag , Vegan Leather, Waterproof, External USB, Trolley Strap, Cushioned Strap, Scratch Resistant for Men, Women - Ritzy (Large, 28 Ltr, 1 Main Compartment & 7 Pockets)",https://www.amazon.in/Ritzy-Waterproof-Hi-Quality-External-Resistant/dp/B09Q172X7J/ref=sr_1_192?crid=2M096C61O4MLT&keywords=bags&qid=1685048359&sprefix=ba%2Caps%2C283&sr=8-192,"2,990",4.3,100 ratings,12
"F Gear Blow Laptop Backpack With Rain Cover 32 Liters (Black,Grey) Sch Bag",https://www.amazon.in/F-Gear-Blow-Laptop-Backpack/dp/B078J63VRY/ref=sr_1_193?crid=2M096C61O4MLT&keywords=bags&qid=1685048359&sprefix=ba%2Caps%2C283&sr=8-193,"1,099",4.3,"1,276 ratings",12
Wooum Water Resistant Material Sling Bag/One Side Bag/Shoulder Bag/Messenger Bag/Office Messenger Bag/Travel Side Bag with 14.1 Inch Laptop Compartment -,https://www.amazon.in/Wooum-Resistant-Material-Messenger-Compartment/dp/B09KV7Y3KL/ref=sr_1_196?crid=2M096C61O4MLT&keywords=bags&qid=1685048359&sprefix=ba%2Caps%2C283&sr=8-196,474,4,261 ratings,12
"Gods SENECA – 28 LITRE 15.6 INCH MOULDED BLACK TECH LAPTOP BACKPACK WITH EFFICIENT ORGANISER, QUICK ACCESS POCKETS, LAPTOP COMPARTMENT, TRAVEL FRIENDLY, WATER RESISTANT & 8 YEAR WARRANTY.",https://www.amazon.in/sspa/click?ie=UTF8&spc=MToyOTA2MDI3NjcwNjMzMDA3OjE2ODUwNDgzNjE6c3BfYXRmX25leHQ6MjAxNDIyNjQ1MTE4OTg6OjA6Og&url=%2FGods-SENECA-EFFICIENT-ORGANISER-COMPARTMENT%2Fdp%2FB0BPY7XP8Y%2Fref%3Dsr_1_194_sspa%3Fcrid%3D2M096C61O4MLT%26keywords%3Dbags%26qid%3D1685048361%26sprefix%3Dba%252Caps%252C283%26sr%3D8-194-spons%26sp_csd%3Dd2lkZ2V0TmFtZT1zcF9hdGZfbmV4dA%26psc%3D1,"3,699.00",3.2,3 ratings,13
"SPENZ BAGS Travel Laptop Backpack for Women & Men | Fits15.6 Inch Laptop | Flight Approved Carry On Bag, College & School Students Bookbag With Raincover",https://www.amazon.in/SPENZ-BAGS-Backpack-Raincover-Brown/dp/B0C3RN6QSC/ref=sr_1_197?crid=2M096C61O4MLT&keywords=bags&qid=1685048361&sprefix=ba%2Caps%2C283&sr=8-197,849,5,25 ratings,13
"Pqwata Gym Bag, Travel Bag Sport Duffel Bag, Large Capacity Portable Foldable, Carry Luggage Bag for Weekender Sports, Vacation for Men Women (Multy Colour)",https://www.amazon.in/Pqwata-Capacity-Portable-Foldable-Weekender/dp/B09YRZ3TLY/ref=sr_1_200?crid=2M096C61O4MLT&keywords=bags&qid=1685048361&sprefix=ba%2Caps%2C283&sr=8-200,799,4.5,10 ratings,13
Wildcraft Work Packs'18 21 Ltrs Black Laptop Backpack (Streak Plus),https://www.amazon.in/Wildcraft-Packs18-Laptop-Backpack-Streak/dp/B07FC4D9B5/ref=sr_1_201?crid=2M096C61O4MLT&keywords=bags&qid=1685048361&sprefix=ba%2Caps%2C283&sr=8-201,"1,549.00",4.4,"1,943 ratings",13
Gear Classic 20L Faux Leather Water Resistant Anti Theft Laptop Bag/Backpack for Men/Women-Tan,https://www.amazon.in/Classic-Leather-Laptop-Backpack-LBPCLSLTH1901/dp/B07G4CYC74/ref=sr_1_205?crid=2M096C61O4MLT&keywords=bags&qid=1685048361&sprefix=ba%2Caps%2C283&sr=8-205,990,4.4,"2,419 ratings",13
"House of Quirk Clear Toiletry Bag, Wash Make Up Bag PVC Waterproof Zippered Cosmetic Bag, Portable Carry Pouch for Women Men (Set of 3 Bag Black)",https://www.amazon.in/House-Quirk-Toiletry-Waterproof-Zippered/dp/B09G364GX5/ref=sr_1_206?crid=2M096C61O4MLT&keywords=bags&qid=1685048361&sprefix=ba%2Caps%2C283&sr=8-206,475,4.4,515 ratings,13
Skybags polyester 28 Cms Duffle Bag(SKYBAGS_DFHUS55ONG_Orange),https://www.amazon.in/SKYBAGS-Unisex-Luggage-Duffel-Bag-DFHUS55ONG/dp/B07F342RQD/ref=sr_1_208?crid=2M096C61O4MLT&keywords=bags&qid=1685048361&sprefix=ba%2Caps%2C283&sr=8-208,"1,530.00",4.3,280 ratings,13
American Tourister Spin 49 cms Teal Laptop Backpack,https://www.amazon.in/American-Tourister-FS0-11-001/dp/B07S13P8BW/ref=sr_1_209?crid=2M096C61O4MLT&keywords=bags&qid=1685048361&sprefix=ba%2Caps%2C283&sr=8-209,"1,660",4,"1,457 ratings",13
SBCOLLECTION Premium School College Office Laptop Daily Use Backpack for All Day Traveler,https://www.amazon.in/SBCOLLECTION-Premium-Backpack-Water-Resistance-Business/dp/B0BXL5B1J4/ref=sr_1_211?crid=2M096C61O4MLT&keywords=bags&qid=1685048361&sprefix=ba%2Caps%2C283&sr=8-211,229,3.3,13 ratings,13
MI Business Casual 21L Water Resistant Laptop Backpack,https://www.amazon.in/Mi-Business-Casual-Resistant-Backpack/dp/B07YY6PTMN/ref=sr_1_212?crid=2M096C61O4MLT&keywords=bags&qid=1685048361&sprefix=ba%2Caps%2C283&sr=8-212,999,4.4,"4,403 ratings",13
"Gods ZARC Black 22 Liter Anti Theft Backpack for 15.6 Inch Laptop with Dedicated Laptop Compartment, 180 Degree Opening, Quick-Access Pockets, Efficient Organizer, Water Resistant & 8 Year Warranty.",https://www.amazon.in/sspa/click?ie=UTF8&spc=MToyOTA2MDI3NjcwNjMzMDA3OjE2ODUwNDgzNjE6c3BfYnRmOjIwMTQyMjY0NTExNTk4OjowOjo&url=%2FGODS-Anti-Theft-Laptop-Backpack-Black%2Fdp%2FB07RFDC5FL%2Fref%3Dsr_1_213_sspa%3Fcrid%3D2M096C61O4MLT%26keywords%3Dbags%26qid%3D1685048361%26sprefix%3Dba%252Caps%252C283%26sr%3D8-213-spons%26sp_csd%3Dd2lkZ2V0TmFtZT1zcF9idGY%26psc%3D1,"2,279.00",4.4,554 ratings,13
DAHSHA Stylish Nylon Sling Cross Body Travel Bag for Business Office Messenger One Side Shoulder Carry Handbag Bag For Men & Women (35X18x25 CM-grey),https://www.amazon.in/DAHSHA-Multipurpose-Travel-Duffel-13X7x11-inch/dp/B07GCLJTZF/ref=sr_1_211?crid=2M096C61O4MLT&keywords=bags&qid=1685048365&sprefix=ba%2Caps%2C283&sr=8-211,694,3.9,392 ratings,14
Martucci Jersey 45L Casual Waterproof Laptop Backpack/Office Bag/School Bag/College Bag/Business Bag/Unisex Travel Backpack,https://www.amazon.in/Martucci-Waterproof-Backpack-College-Business/dp/B0BRJTQR1K/ref=sr_1_212?crid=2M096C61O4MLT&keywords=bags&qid=1685048365&sprefix=ba%2Caps%2C283&sr=8-212,809,3.7,47 ratings,14
Wildcraft 29.5 Ltrs Green Casual Backpack (11650-Green),https://www.amazon.in/Wildcraft-Green-Casual-Backpack-11650-Green/dp/B079DV66TY/ref=sr_1_214?crid=2M096C61O4MLT&keywords=bags&qid=1685048365&sprefix=ba%2Caps%2C283&sr=8-214,999,4.1,355 ratings,14
"Genie Flamenco Laptop Backpack for Women, 16 inches Office Bag, Sky Blue Stylish and Trendy Bag for Office and College",https://www.amazon.in/Genie-Flamenco2-Backpack-Compatible-Resistant/dp/B08YF1XJXY/ref=sr_1_215?crid=2M096C61O4MLT&keywords=bags&qid=1685048365&sprefix=ba%2Caps%2C283&sr=8-215,840,4.4,"2,993 ratings",14
Protecta The Professional Laptop Bag Briefcase for Laptops with Screen Size Up to 15.6 Inch (Black & Indian Geometric Print),https://www.amazon.in/Protecta-Professional-15-6-inch-Briefcase-Geometric/dp/B07GNCRCP4/ref=sr_1_217?crid=2M096C61O4MLT&keywords=bags&qid=1685048365&sprefix=ba%2Caps%2C283&sr=8-217,669,4.4,"1,443 ratings",14
"URBAN TRIBE Havana Backpack for Men & Women | Laptop Bag 15.6 inch | Office Work/Casual/College Bag | Black, 27L",https://www.amazon.in/Urban-Tribe-Laptop-Backpack-Havana/dp/B01LXNNFDF/ref=sr_1_218?crid=2M096C61O4MLT&keywords=bags&qid=1685048365&sprefix=ba%2Caps%2C283&sr=8-218,999,3.9,755 ratings,14
POLICE Walt Laptop Backpack Business Office College Travel Bags for Men Fits Up to 15 inch Laptop Notebook - Black,https://www.amazon.in/POLICE-Stylish-Premium-Quality-Backpack/dp/B084Q4N84P/ref=sr_1_221?crid=2M096C61O4MLT&keywords=bags&qid=1685048365&sprefix=ba%2Caps%2C283&sr=8-221,"1,689",4.1,647 ratings,14
COSMUS Vogue Casual Laptop Backpack with USB Charger Port 46cm 26 Litre Maroon College Bag,https://www.amazon.in/Cosmus-Casual-Backpack-Charger-College/dp/B09HX54TGF/ref=sr_1_222?crid=2M096C61O4MLT&keywords=bags&qid=1685048365&sprefix=ba%2Caps%2C283&sr=8-222,"1,261.00",4.2,"1,390 ratings",14
Martucci Large 35 L Backpack Spacy Unisex/College/School/Travel Backpack with Rain Cover and Reflective Strip,https://www.amazon.in/Martucci-Backpack-College-Reflective-Airport/dp/B0B7DVC3TL/ref=sr_1_223?crid=2M096C61O4MLT&keywords=bags&qid=1685048365&sprefix=ba%2Caps%2C283&sr=8-223,765,4,"1,138 ratings",14
Wooum Laptop Bag Laptop Backpack with 15.6 Inch Padded Compartment - Water Resistance Light Weight (RedZip),https://www.amazon.in/Backpack-Fashion-Student-Business-Black-RedZip/dp/B08R7N1N1W/ref=sr_1_224?crid=2M096C61O4MLT&keywords=bags&qid=1685048365&sprefix=ba%2Caps%2C283&sr=8-224,398,3.9,461 ratings,14
"Hammonds Flycatcher Genuine Leather Laptop Bag for Men/Office Bag for Men, Brown | Fits Upto 16 Inch Laptop/MacBook | Leather Bag with Shoulder Straps | Laptop Messenger Bag/Leather Bag for Men",https://www.amazon.in/Hammonds-Flycatcher-Brown-Mens-Laptop/dp/B01LYDRI9V/ref=sr_1_225?crid=2M096C61O4MLT&keywords=bags&qid=1685048365&sprefix=ba%2Caps%2C283&sr=8-225,"2,899.00",4.4,"2,412 ratings",14
Wooum Sling Cross Body Bag/One Side Bag/Shoulder Bag/Office Business Messenger Bag/Money Bag for Men and Women - Water Resisitance,https://www.amazon.in/Wooum-Resisitance-Shoulder-Business-Messenger/dp/B0993Q72WD/ref=sr_1_226?crid=2M096C61O4MLT&keywords=bags&qid=1685048365&sprefix=ba%2Caps%2C283&sr=8-226,328,4,660 ratings,14
Gear ECO 1 Black Orange Red Laptop Backpack,https://www.amazon.in/Gear-Polyester-Laptop-Backpack-LBPECO1000109/dp/B012NW1H1I/ref=sr_1_227?crid=2M096C61O4MLT&keywords=bags&qid=1685048365&sprefix=ba%2Caps%2C283&sr=8-227,799,4.3,"1,379 ratings",14
"Hammonds Flycatcher Genuine Leather Laptop Bag for Men/Office Bag for Men, Brown | Fits Upto 14 Inch Laptop/MacBook | Leather Bag with Shoulder Straps | Laptop Messenger Bag/Leather Bag for Men |",https://www.amazon.in/Hammonds-Flycatcher-Genuine-Leather-Messenger/dp/B07MDTVDQH/ref=sr_1_228?crid=2M096C61O4MLT&keywords=bags&qid=1685048365&sprefix=ba%2Caps%2C283&sr=8-228,"2,389.00",4.4,"1,657 ratings",14
UNISKY Sling Bag 3015||SIDE BAG||Cross Body BAG||PASSPORT BAG||SMALL PICNIC BAG||LUNCH BAG||FOR BOYS AND GIRLS||FOR MEN AND WOMEN||WATERPROOF SMALL SLING BAG,https://www.amazon.in/Unisky-Sling-PASSPORT-PICNIC-WATERPROOF/dp/B0B19S6GPR/ref=sr_1_228?crid=2M096C61O4MLT&keywords=bags&qid=1685048367&sprefix=ba%2Caps%2C283&sr=8-228,249,4.3,96 ratings,15
Puma Unisex Gym Bag IND,https://www.amazon.in/PUMA-Gym-Bag-IND-Fig-CASTLEROCK/dp/B089T98TKG/ref=sr_1_229?crid=2M096C61O4MLT&keywords=bags&qid=1685048367&sprefix=ba%2Caps%2C283&sr=8-229,853,4,443 ratings,15
The Purple Tree Cotton Canvas Tote Bags For Women a,https://www.amazon.in/Purple-Tree-Canvas-Tote-Women/dp/B07PFVDWGX/ref=sr_1_230?crid=2M096C61O4MLT&keywords=bags&qid=1685048367&sprefix=ba%2Caps%2C283&sr=8-230,349,4.1,125 ratings,15
"Storite Nylon 40 Cm Imported Travel Duffle Bag, Expandable Folding Travel Bag for Women, Lightweight Waterproof Carry Weekender Overnight Luggage Bag for Travel (Pink, 40 x 23 x 45 Cm)",https://www.amazon.in/Storite-Travel-Bag-Lightweight-Waterproof/dp/B0B24Z8KBV/ref=sr_1_231?crid=2M096C61O4MLT&keywords=bags&qid=1685048367&sprefix=ba%2Caps%2C283&sr=8-231,998,4.1,653 ratings,15
Lavie Women's Denali Emboss Sling Bag | Ladies Purse Handbag,https://www.amazon.in/Lavie-Denali-Womens-Sling-Purple/dp/B07SMBDZZY/ref=sr_1_232?crid=2M096C61O4MLT&keywords=bags&qid=1685048367&sprefix=ba%2Caps%2C283&sr=8-232,918,4.1,324 ratings,15
THE CLOWNFISH Opulence Series Multipurpose Handbag For Women Box Bag 15.6 inch Laptop Bag Tote Printed Handicraft Fabric & Faux Leather Office Bag Hand Messenger Bag,https://www.amazon.in/CLOWNFISH-Multipurpose-Handicraft-Messenger-Black-Wave/dp/B0C24SVMVW/ref=sr_1_237?crid=2M096C61O4MLT&keywords=bags&qid=1685048367&sprefix=ba%2Caps%2C283&sr=8-237,"1,299.00",2,1 rating,15
"ZOUK Laptop Bag for Women - Handmade Bag for 15.6 inch Laptop, MacBook - Vegan Leather Office Bags with Detachable Shoulder Strap - Perfect Handbag for Ladies - Lattice Lace",https://www.amazon.in/ZOUK-Laptop-Bag-Women-Detachable/dp/B08JH43M1G/ref=sr_1_239?crid=2M096C61O4MLT&keywords=bags&qid=1685048367&sprefix=ba%2Caps%2C283&sr=8-239,"1,899.00",4.2,80 ratings,15
DOUBLE R BAGS Thermal Bags for Cold and hot Food Bag Frozen take Away Beer Bottle Carry delivery Insulated Reusable Jute Shopping Groceries or Sturdy Zipper Foldable Washable Heavy Duty (Black),https://www.amazon.in/DOUBLE-BAGS-delivery-Insulated-Groceries/dp/B08RB54DJN/ref=sr_1_242?crid=2M096C61O4MLT&keywords=bags&qid=1685048367&sprefix=ba%2Caps%2C283&sr=8-242,887,3.9,106 ratings,15
30 L Waterproof Laptop/College/School/Office Bag Backpack for Men Women Boys Girls with Rain Cover (Navy_Blue),https://www.amazon.in/Waterproof-Laptop-College-Backpack-Navy_Blue/dp/B0BW9GWPYH/ref=sr_1_243?crid=2M096C61O4MLT&keywords=bags&qid=1685048367&sprefix=ba%2Caps%2C283&sr=8-243,499,5,1 rating,15
"DERBEN CLOVE® 15.6 Men and Women Laptop, MacBook Shoulder Messenger Sling Office Bag - Grey",https://www.amazon.in/Derben-Fabric-Leather-Laptop-Messenger/dp/B08TVL3MWJ/ref=sr_1_243?crid=2M096C61O4MLT&keywords=bags&qid=1685048370&sprefix=ba%2Caps%2C283&sr=8-243,899,4.1,144 ratings,16
"Space full School And Laptop Bag,For Man & Women College/Office/Traveling In Red & Grey Color Pack Of 1",https://www.amazon.in/School-Laptop-College-Office-Traveling/dp/B0BL7HMWVZ/ref=sr_1_244?crid=2M096C61O4MLT&keywords=bags&qid=1685048370&sprefix=ba%2Caps%2C283&sr=8-244,399,4.5,2 ratings,16
COSMUS Darwin Navy Blue Laptop Backpack for (15.6 inch),https://www.amazon.in/COSMUS-Polyester-Navy-Laptop-Backpack/dp/B01FVQLLU0/ref=sr_1_247?crid=2M096C61O4MLT&keywords=bags&qid=1685048370&sprefix=ba%2Caps%2C283&sr=8-247,"1,333.00",4.3,"9,976 ratings",16
Fast Travel School Bag Class 5-10 Large 4 Partition 45 L Laptop Collage Office Travel Backpack Unisex (Orange Blue),https://www.amazon.in/Fast-Travel-partition-Collage-Backpack/dp/B09Q3LNSZK/ref=sr_1_248?crid=2M096C61O4MLT&keywords=bags&qid=1685048370&sprefix=ba%2Caps%2C283&sr=8-248,743,4.1,"1,064 ratings",16
Aristocrat Draw-Pack 15L Unisex Grey Laptop Bags,https://www.amazon.in/Aristocrat-Draw-Pack-Unisex-Grey-Laptop/dp/B0B5YGP1BV/ref=sr_1_250?crid=2M096C61O4MLT&keywords=bags&qid=1685048370&sprefix=ba%2Caps%2C283&sr=8-250,499,4.3,12 ratings,16
"ANNACREATIONS Stylish Mermaid Duffle Sports Dance Gymnastics Sports Gym Bag, Kids Travel Bag for Girls (Style 3)",https://www.amazon.in/ANNACREATIONS-Stylish-Mermaid-Duffle-Gymnastics/dp/B0BMGK1L2X/ref=sr_1_253?crid=2M096C61O4MLT&keywords=bags&qid=1685048370&sprefix=ba%2Caps%2C283&sr=8-253,375,4.5,20 ratings,16
"EVRUM Sling Bag For Men CrossBody Backpack For Men Women, Anti-Theft Chest Bag With USB Charging Port, Waterproof Casual Shoulder Bag Travel Hiking Sling Backpack Carbon Fiber",https://www.amazon.in/EVRUM-Business-Protection-Crossbody-Waterproof/dp/B0BX6VKQ35/ref=sr_1_256?crid=2M096C61O4MLT&keywords=bags&qid=1685048370&sprefix=ba%2Caps%2C283&sr=8-256,"1,619",4.9,70 ratings,16
"SNDIA 2-Set Multipurpose Transparent Travel Pouch Makeup Toiletry Kit Bag Cosmetic Pouch for Women Makeup Organizer Bag Plastic Box Vanity, Shaving Kit Toiletry Bag for Men (23.5x15.5x10 cm)",https://www.amazon.in/SNDIA-Transparent-Storage-Cosmetic-Toiletry/dp/B095PFZLJR/ref=sr_1_257?crid=2M096C61O4MLT&keywords=bags&qid=1685048370&sprefix=ba%2Caps%2C283&sr=8-257,398,4.2,674 ratings,16
Asus ROG BP1501 39.62 cm (15.6-inch) Gaming Laptop Backpack (Black),https://www.amazon.in/BP1501-15-6-inch-Gaming-Laptop-Backpack/dp/B081RLHHCY/ref=sr_1_258?crid=2M096C61O4MLT&keywords=bags&qid=1685048370&sprefix=ba%2Caps%2C283&sr=8-258,"1,499.00",4.3,925 ratings,16
F Gear Burner 19 Liters P10 Sky Blue Casual Backpack (2186),https://www.amazon.in/F-Gear-Burner-P10-26-Ltrs-Blue-Casual-Backpack/dp/B01611Z04M/ref=sr_1_259?crid=2M096C61O4MLT&keywords=bags&qid=1685048370&sprefix=ba%2Caps%2C283&sr=8-259,799,4.3,"2,122 ratings",16
"Frantic Velvet Kids Soft Cartoon Animal Travelling School Bag Soft Plush Backpacks Baby Girls Boys for 2 to 5 Years Baby/Boys/Girls Nursery, Picnic,Preschool",https://www.amazon.in/Frantic-Soft-Elephant-Velvet-Plush/dp/B07P9JFYZ5/ref=sr_1_260?crid=2M096C61O4MLT&keywords=bags&qid=1685048370&sprefix=ba%2Caps%2C283&sr=8-260,279,3.9,"5,090 ratings",16
Fostelo Handbag For Women And Girls | Ladies Purse Faux Leather Satchel Bag | Woman Gifts | Wedding Gifts For Women | Women 2 Compartments Bag | Travel Purse Hobo Bag | 3 Pockets Shoulder Bag,https://www.amazon.in/Fostelo-Jane-Womens-Handbag-Black/dp/B072VF1GHP/ref=sr_1_259?crid=2M096C61O4MLT&keywords=bags&qid=1685048374&sprefix=ba%2Caps%2C283&sr=8-259,669,3.8,"1,291 ratings",17
Lavie Sport Perk 36 litres Backpack with Laptop Sleeve | School College Bag for Boys & Girls,https://www.amazon.in/Lavie-Sport-Casual-Backpack-PERK/dp/B083KT22HZ/ref=sr_1_260?crid=2M096C61O4MLT&keywords=bags&qid=1685048374&sprefix=ba%2Caps%2C283&sr=8-260,999,3.6,222 ratings,17
"Tabelito® NEO 3O L Water Resistant Laptop/College/Office/School/Travel/Business Bag, Unisex Backpack for Men Women Fits Up to 15.6 Inch Laptop Notebook.",https://www.amazon.in/Tabelito-NEO-Backpack-Business-Compartment/dp/B0C2D2XC4H/ref=sr_1_263?crid=2M096C61O4MLT&keywords=bags&qid=1685048374&sprefix=ba%2Caps%2C283&sr=8-263,398,5,4 ratings,17
Aristocrat Polyester Hard 60 Cms Luggage- Suitcase(Dfroo62Etbl_Teal Blue),https://www.amazon.in/Aristocrat-Rookie-Duffle-Teal-Blue/dp/B09NXV58V3/ref=sr_1_264?crid=2M096C61O4MLT&keywords=bags&qid=1685048374&sprefix=ba%2Caps%2C283&sr=8-264,999,4,562 ratings,17
Lino Perros womens handbag,https://www.amazon.in/Lino-Perros-Womens-Floral-Peach/dp/B0B57B7KV7/ref=sr_1_265?crid=2M096C61O4MLT&keywords=bags&qid=1685048374&sprefix=ba%2Caps%2C283&sr=8-265,"1,389",4.1,"3,271 ratings",17
SKYBAGS Campus Grey Logo Print College Laptop Backpack 30L,https://www.amazon.in/SKYBAGS-Campus-College-Laptop-Backpack/dp/B084258ZD8/ref=sr_1_266?crid=2M096C61O4MLT&keywords=bags&qid=1685048374&sprefix=ba%2Caps%2C283&sr=8-266,"1,899.00",4.2,291 ratings,17
Toil Moil Combo 4 Bag Panda Cute Kitty Mickey Red-Spider of Kids Bags for School 10Ltr,https://www.amazon.in/Toil-Moil-Mickey-Red-Spider-School/dp/B0BVMT6F5W/ref=sr_1_269?crid=2M096C61O4MLT&keywords=bags&qid=1685048374&sprefix=ba%2Caps%2C283&sr=8-269,374,4.5,5 ratings,17
American Tourister Spin 49 cms Navy Laptop Backpack,https://www.amazon.in/American-Tourister-FS0-41-002/dp/B07S13B1HR/ref=sr_1_272?crid=2M096C61O4MLT&keywords=bags&qid=1685048374&sprefix=ba%2Caps%2C283&sr=8-272,"1,400",4.1,"1,168 ratings",17
Tommy Hilfiger Zander Unisex Polyester 15 Inch Laptop Backpack Red + Black,https://www.amazon.in/Tommy-Hilfiger-Zander-Polyester-Backpack/dp/B0BBQGW74Q/ref=sr_1_273?crid=2M096C61O4MLT&keywords=bags&qid=1685048374&sprefix=ba%2Caps%2C283&sr=8-273,"2,589",3.5,2 ratings,17
"URBAN CARRIER Unisex Waterproof Medium Laptop Backpack for School and Colleges (Grey, Large, 45 Liters)",https://www.amazon.in/Backpack-Colleges-Luggage-Waterproof-Stylish/dp/B09GYGCK54/ref=sr_1_274?crid=2M096C61O4MLT&keywords=bags&qid=1685048374&sprefix=ba%2Caps%2C283&sr=8-274,559,3.9,258 ratings,17
F Gear Colorado Navy Lmn yelw 39 Ltrs Laptop Backpack (3813),https://www.amazon.in/Gear-Colorado-Navy-Laptop-Backpack/dp/B097K6SPH7/ref=sr_1_275?crid=2M096C61O4MLT&keywords=bags&qid=1685048374&sprefix=ba%2Caps%2C283&sr=8-275,999,4.2,100 ratings,17
Tommy Hilfiger Emanuel Unisex Polyester 15 Inch Laptop Backpack Navy,https://www.amazon.in/Tommy-Hilfiger-Emanuel-Polyester-Backpack/dp/B0BDSGTJX3/ref=sr_1_276?crid=2M096C61O4MLT&keywords=bags&qid=1685048377&sprefix=ba%2Caps%2C283&sr=8-276,"1,850",4.6,3 ratings,18
high power 15.6 inch Laptop Bag Backpack Fashion Rucksack Casual Student School Bag Computer Bag College Bag Office Bag Business Bag Unisex Travel Backpack,https://www.amazon.in/high-power-Backpack-Rucksack-Computer/dp/B0BKGTW32W/ref=sr_1_278?crid=2M096C61O4MLT&keywords=bags&qid=1685048377&sprefix=ba%2Caps%2C283&sr=8-278,625,3.1,25 ratings,18
"ASUS EOS 2 Carry Bag (Black), 2-Tone Tear-Resistant & Water-Repellent 600D Polyster Bag, Messenger bag with luggage & detachable shoulder strap, Suitable for up to 39.62 cm (15.6-inch) Laptop",https://www.amazon.in/ASUS-Tear-Resistant-Water-Repellent-Messenger-detachable/dp/B0BWYQN4QS/ref=sr_1_280?crid=2M096C61O4MLT&keywords=bags&qid=1685048377&sprefix=ba%2Caps%2C283&sr=8-280,899,0,0,18
"NISUN Stylish Nylon 7 Zipper Multi Pocket Small Sling Cross Body Travel Messenger One Side Shoulder Bag For Men Women (Black & Grey,21x27x10.5 cm)",https://www.amazon.in/NISUN-Zipper-Sling-Black-Grey/dp/B09BZNTFLX/ref=sr_1_281?crid=2M096C61O4MLT&keywords=bags&qid=1685048377&sprefix=ba%2Caps%2C283&sr=8-281,598,4,341 ratings,18
American Tourister Harp Wheel Duffle Trolley 62 CM Grey,https://www.amazon.in/American-Tourister-Wheel-Duffle-Trolley/dp/B0BTHMMM38/ref=sr_1_282?crid=2M096C61O4MLT&keywords=bags&qid=1685048377&sprefix=ba%2Caps%2C283&sr=8-282,"1,799.00",4.4,5 ratings,18
PUMA Laptop Backpack IND II Black-CASTLEROCK,https://www.amazon.in/PUMA-Laptop-Backpack-IND-Black-CASTLEROCK/dp/B08BV2S9K1/ref=sr_1_285?crid=2M096C61O4MLT&keywords=bags&qid=1685048377&sprefix=ba%2Caps%2C283&sr=8-285,"1,349.00",4,72 ratings,18
HEROZ Hacker 50 litres Nylon Travel Laptop Backpack Water Resistant Slim Durable Computer Book Bag Tracking Fits Up to 17.3-inch Laptop (058- All) (Grey & Red),https://www.amazon.in/HEROZ-Backpack-Resistant-Computer-17-3-inch/dp/B083N53TWB/ref=sr_1_286?crid=2M096C61O4MLT&keywords=bags&qid=1685048377&sprefix=ba%2Caps%2C283&sr=8-286,"1,599.00",4.2,"3,797 ratings",18
F Gear Sedna 27 Liters Laptop Backpack Sch Bag(Brown),https://www.amazon.in/F-Gear-Sedna-Laptop-Backpack-Brown/dp/B072N83D9M/ref=sr_1_287?crid=2M096C61O4MLT&keywords=bags&qid=1685048377&sprefix=ba%2Caps%2C283&sr=8-287,"1,249.00",4.2,168 ratings,18
Aashiya Trades Pink Unicorn bagpack Fashion School Backpack Girls Bookbag Set Student Laptop Backpack College going bag with lunch bag and pouch,https://www.amazon.in/Aashiya-Trades-Unicorn-bagpack-Backpack/dp/B0C4TXFXJW/ref=sr_1_288?crid=2M096C61O4MLT&keywords=bags&qid=1685048377&sprefix=ba%2Caps%2C283&sr=8-288,820,0,0,18
Wildcraft Nylon 18 Inch Black Travel Duffle (Frisbee 2_Black),https://www.amazon.in/Wildcraft-Travel-Duffle-Frisbee-2_Black/dp/B019DWDO9Y/ref=sr_1_291?crid=2M096C61O4MLT&keywords=bags&qid=1685048377&sprefix=ba%2Caps%2C283&sr=8-291,990,4.1,156 ratings,18
"FLYMANN ECO-18 Laptop Backpack Men's Fashion Business Bag, College, Travel Bag Multi-function Casual Laptop Bag",https://www.amazon.in/FLYMANN-ECO-18-Backpack-Business-Multi-function/dp/B0BZ3X893K/ref=sr_1_292?crid=2M096C61O4MLT&keywords=bags&qid=1685048377&sprefix=ba%2Caps%2C283&sr=8-292,999,5,2 ratings,18
"Wearslim Gym Bag, Sports Edition PU Leather Gym Duffel Bag, Crossbody Bag, Gym Yoga Bag, Travel Shoulder Bag for Men and Women - Black",https://www.amazon.in/Wearslim-Sports-Leather-Crossbody-Shoulder/dp/B096B9SZWN/ref=sr_1_292?crid=2M096C61O4MLT&keywords=bags&qid=1685048384&sprefix=ba%2Caps%2C283&sr=8-292,299,5,1 rating,19
"FUR JADEN Travel Laptop Backpack, Business Backpacks with USB Charging Port, Water Resistant College School Computer Bag for Men & Women Fits Under 15.6 inch Laptop and Notebook",https://www.amazon.in/Backpack-Business-Backpacks-Charging-Resistant/dp/B094DGXXR5/ref=sr_1_293?crid=2M096C61O4MLT&keywords=bags&qid=1685048384&sprefix=ba%2Caps%2C283&sr=8-293,"1,685.00",4.1,155 ratings,19
Genie Plaids 19 Maroon Backpack Collection,https://www.amazon.in/Genie-Plaids-Latest-Backpack-Collection/dp/B0893ZWXQJ/ref=sr_1_294?crid=2M096C61O4MLT&keywords=bags&qid=1685048384&sprefix=ba%2Caps%2C283&sr=8-294,"1,613",4.2,243 ratings,19
Lavie Sport Atlantis Backpack with Laptop Sleeve | Men | Women | 15 inch Laptop Compatible | 3 compartments | Office Business Casual Bagpack,https://www.amazon.in/Lavie-Sport-Laptop-Backpack-BDEI323043M3/dp/B07VCKRMJ5/ref=sr_1_296?crid=2M096C61O4MLT&keywords=bags&qid=1685048384&sprefix=ba%2Caps%2C283&sr=8-296,969,4.4,330 ratings,19
"Arctic Hunter Gaming Backpack Laptop Bag for 15.6 inch Laptop Biking Backpack for Men Water-Resistant Stylish Semi-Hard Armored Backpack with USB Port for Men and Women Daily Use Students, Black",https://www.amazon.in/Semi-Hard-Anti-Theft-Backpack-Waterproof-Charging/dp/B07X399726/ref=sr_1_297?crid=2M096C61O4MLT&keywords=bags&qid=1685048384&sprefix=ba%2Caps%2C283&sr=8-297,"2,659.00",4.3,174 ratings,19
"Skybags Drip NXT 03 Unisex Daypack Backpack with Drawstring Pocket, Black, SK BPDRNT3BLK",https://www.amazon.in/Skybags-Backpack-Drawstring-SK-BPDRNT3BLK/dp/B0BFXMRH19/ref=sr_1_298?crid=2M096C61O4MLT&keywords=bags&qid=1685048384&sprefix=ba%2Caps%2C283&sr=8-298,"1,828.00",4.1,21 ratings,19
Wildcraft Turnaround Polyester 35 Ltrs Blue Laptop Bag (8903338054702),https://www.amazon.in/Wildcraft-Turnaround-Polyester-Laptop-8903338054702/dp/B012D51GXO/ref=sr_1_301?crid=2M096C61O4MLT&keywords=bags&qid=1685048384&sprefix=ba%2Caps%2C283&sr=8-301,"1,698.00",4.3,"1,179 ratings",19
"BROGBUS pu Leather Men Bag Casual Business Messenger Bag for Cross body Bag Male Shoulder Bags PU Leather Sling Messenger Bag (Brown, L- 10.05inch H- 11.5inch W- 3inch)",https://www.amazon.in/BROGBUS-Business-Messenger-Sling-10-05inch/dp/B09QLD9GJY/ref=sr_1_304?crid=2M096C61O4MLT&keywords=bags&qid=1685048384&sprefix=ba%2Caps%2C283&sr=8-304,939,4,534 ratings,19
Skybags Kick 24L Unisex Adjustable Strap Polyester Blue Laptop Backpack,https://www.amazon.in/Skybags-Unisex-Adjustable-Polyester-Backpack/dp/B0BJ763F7Y/ref=sr_1_306?crid=2M096C61O4MLT&keywords=bags&qid=1685048384&sprefix=ba%2Caps%2C283&sr=8-306,"1,299.00",4.3,26 ratings,19
Gear Superior 16LWater Resistant School Bag//Backpack/College Bag for Men/Women - Black,https://www.amazon.in/Gear-Superior-Casual-Backpack-BKPSPRIOR0001/dp/B08GY2ZN96/ref=sr_1_307?crid=2M096C61O4MLT&keywords=bags&qid=1685048384&sprefix=ba%2Caps%2C283&sr=8-307,399,3.9,276 ratings,19
"Wooum Wide Opening Pencil Bag, Pen Pouch, Pen Bag, Pencil Holder, School Supplies Stationary Bag Big Capacity (Navy Blue)",https://www.amazon.in/Wooum-Opening-Supplies-Stationary-Capacity/dp/B0BSFNVFL7/ref=sr_1_308?crid=2M096C61O4MLT&keywords=bags&qid=1685048384&sprefix=ba%2Caps%2C283&sr=8-308,298,4.2,55 ratings,19
F Gear Sniper Lite V2 30 Liters Black Laptop Backpack,https://www.amazon.in/F-Gear-Sniper-Lite-V2-Black-Backpack/dp/B015FANZ7E/ref=sr_1_308?crid=2M096C61O4MLT&keywords=bags&qid=1685048386&sprefix=ba%2Caps%2C283&sr=8-308,999,4.3,"4,992 ratings",20
